,SMILES,NLL,Mol,qed,sascore
0,Cc1ccc(CC(=O)NC2CCN(Cc3c[nH]c4ccc(F)cc34)C2)cc1,22.99,<rdkit.Chem.rdchem.Mol object at 0x146113680>,0.726439879472585,2.5675385002130007
1,C=C(CN1CCN(C)CC1)c1ccc2c(c1)CCN2C(=O)CCCc1ccccc1,25.02,<rdkit.Chem.rdchem.Mol object at 0x146113ae0>,0.702408639332196,2.37525281257904
2,COc1ccccc1NC(=O)Nc1cccnc1,14.38,<rdkit.Chem.rdchem.Mol object at 0x146113a70>,0.8707704416463692,1.6183056626783063
3,O=C(O)c1cc2c(=O)c(Cc3ccccc3)coc2cc1O,20.83,<rdkit.Chem.rdchem.Mol object at 0x146113d80>,0.7756035639291031,2.1732322901892385
4,O=C1NCc2ccc(Nc3ccc(O)cc3)cc21,18.41,<rdkit.Chem.rdchem.Mol object at 0x146113df0>,0.706152299888337,2.124049745518544
5,O=C(CN1CCN(CCO)CC1)Nc1ccc2ccccc2c1,17.04,<rdkit.Chem.rdchem.Mol object at 0x146134270>,0.875737978272323,1.7871526317568414
6,CCCN(CC1CC1)c1ccnc(Nc2ccc(C3=NNC(=O)CC3)cc2)n1,28.83,<rdkit.Chem.rdchem.Mol object at 0x146134cf0>,0.7350152958317364,2.7109631002182173
7,COc1ccc(NC(=O)Nc2cc3ncccc3cc2N2CCN(C)CC2)cc1,16.15,<rdkit.Chem.rdchem.Mol object at 0x146134dd0>,0.7106488870037341,2.1355945918508965
8,Cc1cnc(CN(CC2CCCO2)C(=O)CCOc2ccccc2)o1,27.98,<rdkit.Chem.rdchem.Mol object at 0x146135000>,0.7365292264644642,2.8461226948726086
9,Cc1ccc(NC(=O)CSc2n[nH]c(=N)s2)cc1,18.87,<rdkit.Chem.rdchem.Mol object at 0x146135850>,0.7490763526517945,2.5262335255394266
10,Cc1ccc(CCC(=O)Nc2ccc3c(c2)c(C)c(C)n3C)cc1,16.26,<rdkit.Chem.rdchem.Mol object at 0x146135ee0>,0.7441700817018589,1.9375154675950697
11,c1ccc(CCCN2CCC(N3CCCCC3)CC2)cc1,10.16,<rdkit.Chem.rdchem.Mol object at 0x146135f50>,0.8162639524102298,1.8135996643882137
12,CN1CCN(CCCNCC(O)(c2ccccc2)c2ccccc2)CC1,21.93,<rdkit.Chem.rdchem.Mol object at 0x146136180>,0.713537138627022,2.1739244287349155
13,NC(=O)C1CCN(c2ncc3c(N4CCOCC4)ccnc3n2)CC1,20.75,<rdkit.Chem.rdchem.Mol object at 0x146136570>,0.8702926499244918,2.533679687177697
14,O=C(CN1CCN(C(=O)c2cc3ccsc3s2)CC1)N1CCCCC1,14.31,<rdkit.Chem.rdchem.Mol object at 0x1461367a0>,0.8261102919031,2.47478421826305
15,COc1ccc(NC(=O)Nc2ccc(-c3nnc4n3CCCC4)cc2)cc1,15.75,<rdkit.Chem.rdchem.Mol object at 0x146136dc0>,0.7357407325265438,2.0169540046812546
16,O=C(Nc1ccc(Cl)cc1)Nc1ccc(C(=O)N2CCOCC2)cc1,18.98,<rdkit.Chem.rdchem.Mol object at 0x146136f80>,0.8812475276221295,1.7378320054074106
17,COc1ccc2c(c1)CCN(Cc1ccc(C(C)NC(C)=O)cc1)C2,12.93,<rdkit.Chem.rdchem.Mol object at 0x146136ff0>,0.9077733480702467,2.411606744799144
18,CN1CCC(COc2ccc3[nH]nc(-c4cnnc(N5CCC5)n4)c3c2)CC1,23.41,<rdkit.Chem.rdchem.Mol object at 0x146137300>,0.7284041110502962,2.7154452557320816
19,Cc1ccc(F)c(NC(=O)Nc2ccc3nc(N4CCOCC4)sc3c2)c1,17.55,<rdkit.Chem.rdchem.Mol object at 0x146137610>,0.707166550354034,2.174157914500743
20,CNCC1CCN(c2ncnc3scc(-c4ccccc4)c23)CC1,15.16,<rdkit.Chem.rdchem.Mol object at 0x146137ae0>,0.7855999310697136,2.3018967259835197
21,CC(C)(CO)NCc1cccc(Oc2ccc(O)cc2)c1,20.03,<rdkit.Chem.rdchem.Mol object at 0x146137b50>,0.7639456612375605,2.028497336207918
22,O=C(O)C1CCCC1C(=O)Nc1ccc(-c2ccccc2)cc1,17.53,<rdkit.Chem.rdchem.Mol object at 0x146137d80>,0.9026175867094093,2.4533048669213375
23,OCCNCc1cccc2ccoc12,13.72,<rdkit.Chem.rdchem.Mol object at 0x146138120>,0.7199987908836295,2.320676458112402
24,O=c1ccnc2c(OCCCN3CCCC3)cccn12,19.87,<rdkit.Chem.rdchem.Mol object at 0x1461382e0>,0.7756600124227394,2.2428863299416335
25,CCOC(=O)Nc1cc2ccc(N3CCOCC3)nc2cc1F,22.35,<rdkit.Chem.rdchem.Mol object at 0x146138510>,0.9422845235179657,2.2276817310157924
26,Cc1cc(=O)c2cc(-c3ccc(CN(C)CCO)cc3)sc2[nH]1,15.13,<rdkit.Chem.rdchem.Mol object at 0x1461386d0>,0.7568967585033037,2.601892435695726
27,CC1(C)C(=O)CCc2cc3c(Cl)cc(Cl)cc3nc21,30.26,<rdkit.Chem.rdchem.Mol object at 0x146138970>,0.7233570562867947,2.7630516062464103
28,CCC1(Cc2ccccc2)NC(=O)c2ccccc21,24.66,<rdkit.Chem.rdchem.Mol object at 0x146138ac0>,0.8908174892093393,2.654946979478842
29,O=C1CC(O)CN1Cc1cccc(F)c1,23.55,<rdkit.Chem.rdchem.Mol object at 0x146138cf0>,0.78639042111849,2.517540585327671
30,CCOC(C(=O)NCCCN1CCCC1)c1ccc(Cl)cc1,21.25,<rdkit.Chem.rdchem.Mol object at 0x146139150>,0.7473468049474207,2.485002252281939
31,CNC(=O)Cn1c(=O)[nH]c2cc3c(cc2c1=O)OCO3,24.78,<rdkit.Chem.rdchem.Mol object at 0x1461394d0>,0.7451624046349291,2.379700410776053
32,Cc1ccc(OCC(=O)Nc2c(C)nn(C)c2C)c(C)c1,19.83,<rdkit.Chem.rdchem.Mol object at 0x146139540>,0.9402666804362287,1.9445148754928976
33,NC(=O)c1nscc1NC(=O)Nc1cccc(F)c1,16.71,<rdkit.Chem.rdchem.Mol object at 0x146139700>,0.8019444505080665,2.469646331042659
34,CCCNC(=O)COC(=O)c1ccc(Cl)c(Cl)c1,26.15,<rdkit.Chem.rdchem.Mol object at 0x146139770>,0.8481708681429528,1.6949830869024343
35,CNC(=O)c1cc(-c2ccc(OC)c(OC)c2)nc2ccccc12,21.83,<rdkit.Chem.rdchem.Mol object at 0x146139850>,0.8006155259016895,1.816482577745676
36,CC(C)Oc1ccc(NC(=O)N2CCC(c3ccncc3)CC2)cc1,18.67,<rdkit.Chem.rdchem.Mol object at 0x146139b60>,0.904346729838651,2.045664697715104
37,O=C(CNCc1ccc2c(c1)OCO2)Nc1ccc(F)c(F)c1F,19.21,<rdkit.Chem.rdchem.Mol object at 0x146139e00>,0.8229329848464455,2.163538460098616
38,CN1C(=O)c2ccc(NC(=O)c3cccc(C#N)c3)cc2C1=O,19.85,<rdkit.Chem.rdchem.Mol object at 0x14613a2d0>,0.8595580634233643,1.9921203018199876
39,COc1ccc(CC2=Nc3ccccc3C2=O)cc1OC,23.09,<rdkit.Chem.rdchem.Mol object at 0x14613a490>,0.8641793354580662,2.2067905435090935
40,O=C(Nc1ccc(C(=O)O)cc1)Nc1ccc(C(F)(F)F)cc1,17.08,<rdkit.Chem.rdchem.Mol object at 0x14613a730>,0.7968435444386851,1.6881331795672416
41,NC(=O)Nc1cccc(OCc2ccccc2)c1,17.9,<rdkit.Chem.rdchem.Mol object at 0x14613a960>,0.8653704278808055,1.5058695680037495
42,Oc1ccc2ncnc(Oc3ccc(Cl)c(Cl)c3)c2c1,17.82,<rdkit.Chem.rdchem.Mol object at 0x14613b220>,0.7604369109372062,2.1125910990351624
43,COC1CCC(CCN2CCC(c3cccc(NC(C)=O)c3)CC2)CC1,24.75,<rdkit.Chem.rdchem.Mol object at 0x14613b680>,0.8183254072752926,2.251865181771354
44,c1ccc(N=Nc2ccc3c(c2)OCCN3CCCN2CCCC2)cc1,25.93,<rdkit.Chem.rdchem.Mol object at 0x14613bb50>,0.7035889873861463,2.453822980587921
45,Cc1nc(=N)nc(-c2ccnc3cc(Cl)ccc23)[nH]1,20.74,<rdkit.Chem.rdchem.Mol object at 0x14613c200>,0.7135169571267135,2.823143815319389
46,COc1cccc(-c2noc(CN3CCC(C(N)=O)CC3)n2)c1,16.3,<rdkit.Chem.rdchem.Mol object at 0x14613c660>,0.8967379007198347,2.04635375898782
47,COc1ccc(N(CC(=O)NC(C)C)C(=O)CCC(=O)N=c2[nH]ccs2)cc1,22.64,<rdkit.Chem.rdchem.Mol object at 0x14613c890>,0.7005819413433482,2.973892160047278
48,COc1cc2cc(CCNC(C)=O)c(=O)[nH]c2cc1C,18.1,<rdkit.Chem.rdchem.Mol object at 0x14613ceb0>,0.8877214371113579,2.164060410776054
49,O=C(O)CCNCc1cccc(F)c1,21.7,<rdkit.Chem.rdchem.Mol object at 0x14613d070>,0.7011284884268381,1.6764711182365186
50,Oc1c(F)cc(-c2cnc3nc(N4CCOCC4)ncc3c2)cc1F,19.9,<rdkit.Chem.rdchem.Mol object at 0x14613d4d0>,0.7702065293540998,2.5996512361766424
51,Cc1ccc(NC(=O)CN2CCN(C)CC2)cc1,9.93,<rdkit.Chem.rdchem.Mol object at 0x14613dc40>,0.8709982759464281,1.5561828468063936
52,Oc1cccc(-c2cnc3ccc(N4CCOCC4)nn23)c1,18.05,<rdkit.Chem.rdchem.Mol object at 0x14613dfc0>,0.7827580714505598,2.35388903766013
53,Cc1ccc(-c2csc3ncnc(N)c23)cc1,12.48,<rdkit.Chem.rdchem.Mol object at 0x14613e2d0>,0.7111527956995233,2.066035184666303
54,COC(=O)C1CCN(C(=O)c2cc(S(=O)(=O)Nc3ccccc3F)ccc2Cl)C1,26.13,<rdkit.Chem.rdchem.Mol object at 0x14613e880>,0.721461430722099,2.5415301078251993
55,Cc1nn(C)c(C(=O)NCCCN2CCCC(CO)C2)c1Cl,14.12,<rdkit.Chem.rdchem.Mol object at 0x14613e9d0>,0.770001140286604,2.832315709316708
56,CCC(=O)N1CCc2cc(CNC(=O)COc3ccccc3)ccc21,21.45,<rdkit.Chem.rdchem.Mol object at 0x14613ec00>,0.8808834299729909,1.958726236176643
57,CC(C)Nc1ccc(-c2ccccc2O)nc1,17.31,<rdkit.Chem.rdchem.Mol object at 0x14613ece0>,0.8470216739268741,2.0291598510713253
58,CC(C)(C)OC(=O)N1CCC(CNC(=O)c2cccc(C#Cc3ccc(F)cc3)c2)CC1,26.98,<rdkit.Chem.rdchem.Mol object at 0x14613eff0>,0.7155972431057367,2.3212155885497836
59,COc1ccc2c(C)c(CCNC(=O)C3CC3)sc2c1,21.23,<rdkit.Chem.rdchem.Mol object at 0x14613f140>,0.9169974257641474,2.1688679931936345
60,COc1ccc(NC(=O)NC(=O)c2ccc(NC(C)=O)cc2)cc1,26.11,<rdkit.Chem.rdchem.Mol object at 0x14613f1b0>,0.803977021698931,1.6513960646099974
61,O=C(Nc1ccc2c(c1)nc1n2CCCC1)c1ccccc1,17.54,<rdkit.Chem.rdchem.Mol object at 0x14613f370>,0.7834943917031656,1.9115022920980014
62,COc1ccc(C(=O)c2c(O)[nH]c3ccccc3c2=O)cc1,19.61,<rdkit.Chem.rdchem.Mol object at 0x14613f760>,0.7274757847622949,2.0715345234398583
63,O=C(NNc1ccc(F)cc1)c1ccc(F)cc1,20.68,<rdkit.Chem.rdchem.Mol object at 0x14613f920>,0.8198654284923981,1.597764747258882
64,O=C(O)c1c[nH]c(-c2ccc(-c3ccc(F)cc3)nc2)n1,20.22,<rdkit.Chem.rdchem.Mol object at 0x14613f990>,0.7741477766645252,2.4446813127398617
65,c1ccc2sc(CN3CCCCC3)cc2c1,19.07,<rdkit.Chem.rdchem.Mol object at 0x1461402e0>,0.7577001179128564,1.9062003984252556
66,O=C1C(N2CCCC2)CCN1C1CCC(c2ccc(O)cc2)CC1,25.09,<rdkit.Chem.rdchem.Mol object at 0x146140580>,0.9270172088481747,2.787968402381905
67,COc1cc(OC)c(OC)c(C=Cc2cc(OC)c3c(c2)OCO3)c1C,16.55,<rdkit.Chem.rdchem.Mol object at 0x146140740>,0.7295478285572341,2.5761793314025443
68,COc1ccc(Cl)cc1NC(=O)c1cc(C)nn1C,16.55,<rdkit.Chem.rdchem.Mol object at 0x1461407b0>,0.9396020294344939,1.9162634405659347
69,COC(=O)Nc1cccc(-c2ncnc3[nH]cc(C)c23)c1,27.78,<rdkit.Chem.rdchem.Mol object at 0x1461409e0>,0.7564737634440318,2.419287466586015
70,CC(C)(N)C(=O)Nc1cccc(F)c1,23.2,<rdkit.Chem.rdchem.Mol object at 0x146140ac0>,0.7527177492769159,1.8616003362118896
71,O=C(NCCCN1CCCC(Cn2cccn2)C1)Nc1cccc(F)c1,18.49,<rdkit.Chem.rdchem.Mol object at 0x146141230>,0.7473943408978677,2.6952153539052865
72,O=C(Nc1ccc2c(c1)OCO2)c1cc(O)n(-c2ccc3c(c2)OCCO3)c1,18.47,<rdkit.Chem.rdchem.Mol object at 0x146141540>,0.7260578717764483,2.5367505090153823
73,Cc1c2cc(NC(=O)NCCCN3CCOCC3)ccc2nn1C,12.59,<rdkit.Chem.rdchem.Mol object at 0x1461419a0>,0.8186581272823228,2.2879953457960394
74,O=C(c1csc2ccccc12)N1CCCC(CO)C1,22.65,<rdkit.Chem.rdchem.Mol object at 0x146141a80>,0.9152234016775438,2.5457083780802385
75,O=C(c1ccc(F)cc1)C1CCN(C(=O)CCc2ccccc2)CC1,20.65,<rdkit.Chem.rdchem.Mol object at 0x146141af0>,0.7754087981513806,1.7792166207920275
76,Cc1cccc(NC(=O)CCNC(=O)c2ccccc2Cl)c1,17.52,<rdkit.Chem.rdchem.Mol object at 0x146141bd0>,0.8878098818716231,1.5912494117773281
77,O=C(Nc1ccc(F)c(Cl)c1)N1CCN(C(=O)Nc2ccccc2F)CC1,20.88,<rdkit.Chem.rdchem.Mol object at 0x146141e70>,0.8082029030448353,1.958342156170005
78,Nc1ncn(Cc2ccccc2)c1C(=O)c1ccc(Cl)cc1,18.48,<rdkit.Chem.rdchem.Mol object at 0x146141f50>,0.7511850473705292,2.0544530275164288
79,CC(C)CC(=O)N1CCC(N2CCCCC2)CC1,16.58,<rdkit.Chem.rdchem.Mol object at 0x1461425e0>,0.7703108226727998,2.0175122585711005
80,COc1ccc(-c2nc3ccc(N4CCN(C)CC4)cc3[nH]2)cc1,16.53,<rdkit.Chem.rdchem.Mol object at 0x146142650>,0.805010290225279,2.0080936831108964
81,c1ccc(Cc2noc(CN3CCOCC3)n2)cc1,18.51,<rdkit.Chem.rdchem.Mol object at 0x1461429d0>,0.8323742302739098,1.975841656075124
82,COc1cc(S(=O)(=O)c2ccc(N)cc2)c2nc(C)ccc2c1,25.09,<rdkit.Chem.rdchem.Mol object at 0x146142b20>,0.7474811297386653,2.250645301819988
83,O=C(NCC1CCCO1)c1cnc(-c2cccs2)cc1-c1ccccc1,26.15,<rdkit.Chem.rdchem.Mol object at 0x146142ce0>,0.7305922907438763,2.6667381547886144
84,Cc1ccc(F)c(NC(=O)Nc2ccc(N)cc2)c1,14.39,<rdkit.Chem.rdchem.Mol object at 0x146143290>,0.723776948018221,1.6862910335100043
85,COc1cc2ccc(=Nc3cccc(Cl)c3)[nH]c2cc1OC,18.36,<rdkit.Chem.rdchem.Mol object at 0x1461437d0>,0.791784704172621,2.573332148395547
86,COc1ccc(C(=O)N2CCC3(CCN(Cc4ccc(F)cc4)C3)CC2)cc1,21.72,<rdkit.Chem.rdchem.Mol object at 0x1461438b0>,0.802386313157133,2.512664461735868
87,Cc1ccc(-c2ccc3c(c2)Nc2ccccc2N(C)S3(=O)=O)cc1,21.0,<rdkit.Chem.rdchem.Mol object at 0x146143a70>,0.7006278644552237,2.345427400857032
88,Fc1ccc(Nc2cccc3cnccc23)cc1,12.08,<rdkit.Chem.rdchem.Mol object at 0x146143bc0>,0.7260741688045909,1.7478348744679675
89,COc1ccc(NC(=O)CN2CCN(CC(=O)Nc3ccccc3F)CC2)cc1,17.08,<rdkit.Chem.rdchem.Mol object at 0x146143c30>,0.7441032917391429,1.7911496295842468
90,COc1ccc(CNC(=O)C2CCCN(S(=O)(=O)c3cccs3)C2)c(OC)c1,27.6,<rdkit.Chem.rdchem.Mol object at 0x146143ca0>,0.7381613258663648,2.6211889018527135
91,Clc1ccc(Cc2nnc3ccccc3n2)cc1,20.76,<rdkit.Chem.rdchem.Mol object at 0x146144200>,0.7054644363841356,1.9943669499396677
92,COc1cc2c(cc1OC)C1=C3C2=NC(C)=C3c2cc(N)ccc2C1=O,32.52,<rdkit.Chem.rdchem.Mol object at 0x1461442e0>,0.846571151498328,2.905012208114872
93,CC(C)(O)Cn1ccc2cccc(NC(=O)NC3CCCCC3)c21,26.22,<rdkit.Chem.rdchem.Mol object at 0x1461444a0>,0.7970376832991599,2.4678260166597017
94,O=C(NNCc1ccccc1)c1ccccc1O,15.57,<rdkit.Chem.rdchem.Mol object at 0x146144c10>,0.7166861356371849,1.747112171554047
95,c1ccc(OC(CC2CCCNC2)c2ccccc2)cc1,17.78,<rdkit.Chem.rdchem.Mol object at 0x1461451c0>,0.8867041694245263,2.7647389841099432
96,Cc1cc(C)c(NC(=O)Cc2c(C(=O)O)c(C)cn2C)c(C)c1,19.84,<rdkit.Chem.rdchem.Mol object at 0x146145700>,0.9104559826020997,2.3829077427090155
97,O=C(NCCc1ccccc1)c1cc(Cl)cc(Cl)c1O,17.83,<rdkit.Chem.rdchem.Mol object at 0x146145850>,0.9049813263508061,1.7672157953914382
98,Fc1ccc(Oc2nccc3[nH]nc(C(F)(F)F)c23)cc1,28.8,<rdkit.Chem.rdchem.Mol object at 0x1461459a0>,0.7296015343226722,2.520709330992796
99,COc1ccccc1OCCCN1CCCC1,13.78,<rdkit.Chem.rdchem.Mol object at 0x146145a10>,0.7073028164903103,1.5630804279944037
100,CN(CC(=O)O)Cc1ccc(F)cc1,16.37,<rdkit.Chem.rdchem.Mol object at 0x146145bd0>,0.7914468140960385,1.6585433387285775
101,Cc1ccc(NC(=O)Nc2cccnc2)c(C)c1,19.96,<rdkit.Chem.rdchem.Mol object at 0x146145cb0>,0.8467782566105204,1.6824706296118226
102,CCCCc1c(O)c(CCC)c[n+](C)c1C,25.86,<rdkit.Chem.rdchem.Mol object at 0x146145ee0>,0.7610698210434306,2.9374980281211407
103,CC(C)n1cc(C(=O)NC2CCC(CN3CCCCC3)CC2)c2cncnc21,19.53,<rdkit.Chem.rdchem.Mol object at 0x1461468f0>,0.8532555446827524,2.561140877995996
104,Cc1ccc(N(CC(=O)NCc2ccccc2)C(=O)c2nnsc2C)cc1,22.6,<rdkit.Chem.rdchem.Mol object at 0x146146f80>,0.7129229616423309,2.3472178699299295
105,O=C(c1cccc(Cn2nnc3ccccc3c2=O)c1)N1CCCC1,24.65,<rdkit.Chem.rdchem.Mol object at 0x146147370>,0.7352909204003811,1.953901394237759
106,NC(=O)c1ccccc1-c1ccc2ncn(CCC(=O)O)c2c1,25.34,<rdkit.Chem.rdchem.Mol object at 0x1461473e0>,0.755018686978487,2.1168659268199868
107,CNCC1CCC(Nc2cc(F)cc3c(=O)c(C(=O)O)cn(C4CC4)c23)CC1,25.29,<rdkit.Chem.rdchem.Mol object at 0x1461475a0>,0.7079127682071821,2.684175591999942
108,Cc1cc2cc(NC(=O)CCCN3CCN(CC(C)O)CC3)ccc2cn1,18.06,<rdkit.Chem.rdchem.Mol object at 0x1461477d0>,0.7824644211184208,2.7195662954946407
109,CCCCc1ccc(NC(=O)Nc2cc(C)ccc2F)cc1,14.72,<rdkit.Chem.rdchem.Mol object at 0x146147df0>,0.7901751980411523,1.6756908509832833
110,c1ccc2c3c([nH]c2c1)C1(CCCCC1)NCC3,18.31,<rdkit.Chem.rdchem.Mol object at 0x146148200>,0.7247315013761291,2.9086184969112736
111,O=c1[nH]c(-c2ccncc2)nc2ccc(F)cc12,20.69,<rdkit.Chem.rdchem.Mol object at 0x146148270>,0.7095359291502089,2.1095698638617364
112,COc1cc(C(=O)NC2CCN(Cc3ccc4c(c3)OCO4)CC2)cc(OC)c1OC,17.03,<rdkit.Chem.rdchem.Mol object at 0x146148350>,0.7265571136330617,2.1764587597821734
113,O=C(c1cc(COc2cccc(F)c2)on1)N1CCCC1CO,19.12,<rdkit.Chem.rdchem.Mol object at 0x146148660>,0.9116021232175622,2.7075638229141727
114,NC(=O)c1ccc(-n2cc(-c3ccc(F)cc3)nn2)c(N)c1,18.92,<rdkit.Chem.rdchem.Mol object at 0x1461487b0>,0.7192259356098372,2.193633034606112
115,Cc1ccc(F)c(C(=O)N2CCC3(CC2)CC(=O)c2cc(NC(=O)CN4CCCC4)ccc2O3)c1,26.04,<rdkit.Chem.rdchem.Mol object at 0x146148d60>,0.7216804348452492,2.9526929798625314
116,O=C(NCc1ccc2c(c1)OCO2)Nc1cccc2cnc(N3CCCC3)nc12,24.28,<rdkit.Chem.rdchem.Mol object at 0x146148f20>,0.7096029590378913,2.3480062453137123
117,Cc1cc(C)c2c(c1)-c1nn(CCC(=O)O)c(C)c1CCC2,27.95,<rdkit.Chem.rdchem.Mol object at 0x1461490e0>,0.9440720964925418,2.566555135244764
118,COc1ccc(Nc2ccnc3nc(C)sc23)cc1OC,20.22,<rdkit.Chem.rdchem.Mol object at 0x1461492a0>,0.7948486841890691,2.357450543509092
119,COC(=O)C1CCN(C(=O)c2ccc3c(c2)N(C)CC(=O)N3)CC1,19.89,<rdkit.Chem.rdchem.Mol object at 0x146149310>,0.8211835131720588,2.3309342965273316
120,COc1ccc(NC(=O)N2CCCC2c2ccc(OC)c(OC)c2)cc1,18.22,<rdkit.Chem.rdchem.Mol object at 0x1461494d0>,0.8768213933646153,2.2892198784703375
121,CNc1cccc(NC(=O)Nc2cccnc2)c1C,24.36,<rdkit.Chem.rdchem.Mol object at 0x1461498c0>,0.7902677000266513,1.94948740506298
122,Cc1c2c(N3CCC(N4CCCCC4)CC3)ncnc2nn1C,15.9,<rdkit.Chem.rdchem.Mol object at 0x146149930>,0.849725575597422,2.616156994558219
123,Cc1ccc(NC(=O)c2cccnc2NCc2ccncc2)cc1,13.4,<rdkit.Chem.rdchem.Mol object at 0x146149a10>,0.7533553419635134,1.8834980787152933
124,Cc1cc(N2CCCC2)nc2cc(N(C)C(=O)C3CC3)ccc12,20.86,<rdkit.Chem.rdchem.Mol object at 0x146149af0>,0.8702282270735809,2.311295749305195
125,Cc1ccc2c(c1)CCN2C(=O)Nc1ccc(C(F)(F)F)cc1,17.21,<rdkit.Chem.rdchem.Mol object at 0x146149d20>,0.8175298938199566,1.9983553979738335
126,COc1ccc(-c2cc[nH]c(=NC(=O)C3CC3)c2)cc1Cl,22.18,<rdkit.Chem.rdchem.Mol object at 0x146149e70>,0.94646127008247,2.741461612609484
127,NCCc1c[nH]c2ccc(OCCN3CCCC3)cc12,16.27,<rdkit.Chem.rdchem.Mol object at 0x146149fc0>,0.8476132743092488,2.0886894590159493
128,CN1CC=C(c2cc3cc[nH]c3cc2F)CC1,19.9,<rdkit.Chem.rdchem.Mol object at 0x14614a340>,0.7974796453090173,2.6286383243837275
129,CN1CCc2cc(C(=O)NC3CC3)sc2C1=O,22.18,<rdkit.Chem.rdchem.Mol object at 0x14614a6c0>,0.8589829933044524,2.463976892806185
130,c1ccc(Nc2ccc(OCCN3CCOCC3)cc2)cc1,17.74,<rdkit.Chem.rdchem.Mol object at 0x14614adc0>,0.888101095336346,1.7116345459979456
131,Cc1ccc(Nc2nc(C(F)(F)F)nc3ccccc23)cc1,18.69,<rdkit.Chem.rdchem.Mol object at 0x14614b370>,0.7453369913501562,1.9835243497425878
132,Oc1ccc(Cl)cc1C=Nc1ccc(Cl)cc1,20.08,<rdkit.Chem.rdchem.Mol object at 0x14614b530>,0.8000085306603051,2.0742175433790173
133,O=C(NC1CCN(Cc2ccc(Cl)cc2)CC1)c1ccc2c(c1)OCO2,20.06,<rdkit.Chem.rdchem.Mol object at 0x14614b5a0>,0.8925024192070095,1.9339049955365333
134,CNC(=O)OC1CCN(c2cccn3cc(C)nc23)CC1,29.2,<rdkit.Chem.rdchem.Mol object at 0x14614b8b0>,0.9175782807338768,2.630503620432169
135,Cc1cn(CC(=O)Nc2ccc3c(c2)OCCC3(C)C)c(=O)[nH]c1=O,25.65,<rdkit.Chem.rdchem.Mol object at 0x14614ba00>,0.8840269756057543,2.490840533835506
136,CC(C)(CO)NCc1ccc(F)cc1,10.38,<rdkit.Chem.rdchem.Mol object at 0x14614bbc0>,0.7694433637835439,1.9095777516840418
137,O=C(Cc1cccc2ccccc12)N1CCCCC1CO,22.67,<rdkit.Chem.rdchem.Mol object at 0x14614be60>,0.9406681165583278,2.3342932235078973
138,CCN(CC)CCNC(=O)c1nc(NC(=O)c2ccc(C)cn2)cs1,27.12,<rdkit.Chem.rdchem.Mol object at 0x14614bed0>,0.7523616596592952,2.563169258154666
139,CCNC(=O)Cc1cn2nc(C)ccc2c1-c1cccc(OC)c1,23.57,<rdkit.Chem.rdchem.Mol object at 0x14614c270>,0.7851356721535201,2.443530089057891
140,CCN(CC)CCNC(=O)C1CCCN1C(=O)c1cc2ccc(Cl)cc2s1,23.97,<rdkit.Chem.rdchem.Mol object at 0x14614c3c0>,0.762194886391831,2.7901585874132504
141,COc1cccc(NC(=O)N2CCn3c2nc2ccccc23)c1,21.94,<rdkit.Chem.rdchem.Mol object at 0x14614c820>,0.7911412264280976,2.1317958005283675
142,CCc1ccc(CSc2ccc(C)cc2)cc1SCC(=O)O,29.68,<rdkit.Chem.rdchem.Mol object at 0x14614c9e0>,0.7218989987488279,2.1904752182289418
143,Cc1cn2ccnc(N3CCC(N4CCCCC4)CC3)c2n1,18.22,<rdkit.Chem.rdchem.Mol object at 0x14614ca50>,0.8535395799856041,2.527668919316934
144,Cc1ccc2cccc(OCC(=O)Nc3ccc(S(N)(=O)=O)cc3)c2n1,19.57,<rdkit.Chem.rdchem.Mol object at 0x14614cc80>,0.7141229371961304,1.97650809852583
145,CN1CCN(CC(=O)Nc2ccc3c(c2)[nH]c(=O)c2ccccc23)CC1,12.9,<rdkit.Chem.rdchem.Mol object at 0x14614cdd0>,0.7078288360538642,2.010523027925199
146,O=C(O)Cc1ccc2c(-c3ccc(F)cc3)coc2c1,24.45,<rdkit.Chem.rdchem.Mol object at 0x14614cf90>,0.7856513151380601,1.9830858358772687
147,Cc1ccc(N(C)c2ccnc(Nc3ccc(C)c(S(N)(=O)=O)c3)n2)cc1,13.71,<rdkit.Chem.rdchem.Mol object at 0x14614d150>,0.7012332887164756,2.3392311926072527
148,CNC(=O)N1CCN(CCCNC(=O)c2ccc(-c3cccs3)cc2)CC1,21.84,<rdkit.Chem.rdchem.Mol object at 0x14614d460>,0.749984786000947,2.105097559471158
149,COc1ccc2c(c1)CCC(=O)N2Cc1cc(CO)c2c(O)occ2n1,41.82,<rdkit.Chem.rdchem.Mol object at 0x14614da80>,0.7473298137073043,2.960890820024991
150,Cc1cc2cc(NC(=O)C3(C)CCN3C(=O)CCc3ccccc3)ccc2[nH]1,22.15,<rdkit.Chem.rdchem.Mol object at 0x14614dc40>,0.7068249534667485,2.8704233078897143
151,COc1ccc(NC(=O)c2ccc(NC(=O)C(C)(C)C)cc2)cc1,22.88,<rdkit.Chem.rdchem.Mol object at 0x14614de70>,0.8942548240249035,1.6381209158781314
152,CC1CCCCN1CCc1ccc2c(c1)C(=O)N(Cc1ccc(C(=O)O)cc1)C2(C)C,29.81,<rdkit.Chem.rdchem.Mol object at 0x14614e0a0>,0.7363076004838185,2.9744264031689696
153,c1cc2ncc(-c3ccc(OCCN4CCOCC4)cc3)cn2n1,12.16,<rdkit.Chem.rdchem.Mol object at 0x14614e110>,0.7193430977471618,2.30157126552848
154,CCN(CC)CCCN=c1cc[nH]c2cc(Cl)ccc12,15.24,<rdkit.Chem.rdchem.Mol object at 0x14614e180>,0.8121952093559455,2.7635303702902227
155,Cc1ccc(Nn2cc(Cl)cn2)cc1C,26.31,<rdkit.Chem.rdchem.Mol object at 0x14614e570>,0.8450325526654937,2.608850701221499
156,COc1cc2[nH]c(C)c(NCc3ccccc3)c2cc1Cl,21.1,<rdkit.Chem.rdchem.Mol object at 0x14614e730>,0.7292926865599215,2.1080305435090914
157,COc1ccc2c(c1)CCC(CN1CCCC1)C2=O,17.51,<rdkit.Chem.rdchem.Mol object at 0x14614e880>,0.8351522416797187,2.5775268396187005
158,O=C(O)C1CCN(C(=O)Nc2ccc(OCc3ccccc3)cc2)C1,19.42,<rdkit.Chem.rdchem.Mol object at 0x14614eb90>,0.875924522193234,2.192869691711385
159,CC1(C)Oc2ccc(C(=O)Nc3ccc(-c4cccnc4)cc3)cc2NC1=O,18.23,<rdkit.Chem.rdchem.Mol object at 0x14614ef80>,0.7239749034725304,2.223176198508817
160,Cc1ccc(-c2ccnc(C(=O)Nc3cccc(C(N)=O)c3)c2)cc1,24.81,<rdkit.Chem.rdchem.Mol object at 0x14614f680>,0.7680480816715306,1.8409262090910516
161,O=c1c2ccccc2sn1CCCN1CCCC1,20.89,<rdkit.Chem.rdchem.Mol object at 0x14614f760>,0.8458074989071787,2.289969272145761
162,O=C(COc1ccc2ccc(=O)oc2c1)Nc1ccccc1,18.94,<rdkit.Chem.rdchem.Mol object at 0x14614fae0>,0.7514442439724083,1.796733453340602
163,N#CC(c1cccnc1)N1CCN(C(=O)OCc2ccccc2)CC1,19.91,<rdkit.Chem.rdchem.Mol object at 0x14614fc30>,0.8582257909004577,2.641571377696634
164,CCn1cc(CN2CCC(Nc3ccc4ccccc4c3)C2)cn1,22.44,<rdkit.Chem.rdchem.Mol object at 0x1461500b0>,0.7771887974116891,2.5996091143459967
165,Cc1cccc(Cc2n[nH]c(=O)c3c2CCCC3)c1,15.3,<rdkit.Chem.rdchem.Mol object at 0x1461507b0>,0.8948356303228835,2.259512160307734
166,Fc1ccc2c(CN3CCCCC3)coc2c1,18.61,<rdkit.Chem.rdchem.Mol object at 0x146150c80>,0.7882071798158563,2.036466581840557
167,O=C(CSc1nc2ccccc2[nH]1)N1CCN(C2CCCCC2)CC1,23.91,<rdkit.Chem.rdchem.Mol object at 0x146150dd0>,0.8533843213994575,2.1925007164261228
168,CC1CN(CC(=O)N2CCc3cc(F)ccc32)CCN1,15.28,<rdkit.Chem.rdchem.Mol object at 0x146151230>,0.876109762233381,2.7910431578087707
169,COc1ccccc1N1CCN(CCCN2CCC3CCCCC3C2)CC1,22.38,<rdkit.Chem.rdchem.Mol object at 0x146151310>,0.7584875147952904,2.8029201991421697
170,O=C(Nc1ccccc1)Nc1cccc2cccnc12,15.3,<rdkit.Chem.rdchem.Mol object at 0x146151460>,0.7368297521205567,1.6390602543223363
171,NC(=O)c1csc(Cc2ccccc2)n1,19.91,<rdkit.Chem.rdchem.Mol object at 0x1461514d0>,0.8540880763415655,1.9176204175516816
172,c1cc2c(cc1CCCNCC1CCOCC1)CCO2,28.28,<rdkit.Chem.rdchem.Mol object at 0x1461517e0>,0.8094703275847633,2.278337333852976
173,Cc1ccc(Nc2nccc(Oc3cccc4c3C(=O)NCC4C)n2)cc1,25.33,<rdkit.Chem.rdchem.Mol object at 0x146151a80>,0.7302781006828171,2.981252701396434
174,COc1cc(C=NN2CCCCC2)ccc1OCC(=O)Nc1ccc(F)cc1,25.88,<rdkit.Chem.rdchem.Mol object at 0x146151fc0>,0.7389444207104984,2.1550656643207837
175,CC(C)c1ccc(C=CC(=O)O)cc1,15.99,<rdkit.Chem.rdchem.Mol object at 0x1461521f0>,0.7439146166066511,1.73925912820226
176,CCn1cc(C(=O)O)c(=O)c2cc(F)c(N3CCOCC3)cc21,17.14,<rdkit.Chem.rdchem.Mol object at 0x146152340>,0.9317379784202534,2.310625109512296
177,Cc1c(C(=O)NCCCN2CCOCC2)oc2cccc(F)c12,15.78,<rdkit.Chem.rdchem.Mol object at 0x146152490>,0.8592842375290207,2.2654481645822244
178,O=C(NC1CCC1)c1cncc(-c2cnc3ccccc3c2)c1,20.52,<rdkit.Chem.rdchem.Mol object at 0x146152a40>,0.8043493889554233,2.0304832861770485
179,CN1CCN(CC(=O)NC2CCCc3ccccc32)CC1,12.93,<rdkit.Chem.rdchem.Mol object at 0x146153140>,0.9132939978767283,2.392680865374226
180,CCN(CC)CCNC(=O)c1c(C)[nH]c2c1CC(C)(C)CC2=O,12.31,<rdkit.Chem.rdchem.Mol object at 0x146153290>,0.8467005458991038,2.7645764975395917
181,CCOCCCNC(=O)CN1CCN(c2ccc(F)cc2)CC1,18.77,<rdkit.Chem.rdchem.Mol object at 0x146153370>,0.7364269475734406,1.8737048079388696
182,O=C(Nc1ccc2c(c1)CCN(C(=O)c1cccc(F)c1)C2)C1CCCN1,25.73,<rdkit.Chem.rdchem.Mol object at 0x146153530>,0.8769367862086381,2.6393059558343026
183,COc1ccc(NC(=O)NC2CCCCC2)cc1,15.37,<rdkit.Chem.rdchem.Mol object at 0x1461535a0>,0.8629377821966259,1.5705657218499027
184,Oc1ccc(C(c2ccc(O)cc2)c2ccc(F)cc2)cc1,16.59,<rdkit.Chem.rdchem.Mol object at 0x146153610>,0.7020945908720803,1.7964923805484236
185,COc1c(NC(C)=O)ccc2ncccc12,22.84,<rdkit.Chem.rdchem.Mol object at 0x146153bc0>,0.8367929352315235,1.953733090732948
186,CCCC(=O)N=c1ccc(NC(=O)Nc2cccc(F)c2)c[nH]1,21.64,<rdkit.Chem.rdchem.Mol object at 0x146154120>,0.8095003904994551,2.724980483033004
187,COc1cccc(NC(=O)N2CCCc3cc(Oc4ccncc4)ccc32)c1,21.39,<rdkit.Chem.rdchem.Mol object at 0x146154270>,0.7067530621234961,2.1566212407227
188,COc1ccc(CN2CCC2(C)C(=O)Nc2ccc(C)cc2)cc1OC,15.9,<rdkit.Chem.rdchem.Mol object at 0x1461542e0>,0.8608517764610526,2.598987354903567
189,Nc1nc(-c2ccccc2O)nc2sc3c(c12)CCCC3,18.08,<rdkit.Chem.rdchem.Mol object at 0x146154430>,0.7205243605879422,2.3594539609113614
190,COc1ccc(Cn2cc(C(=O)O)c(=O)c3cc(OC)ccc32)cc1,22.38,<rdkit.Chem.rdchem.Mol object at 0x146154510>,0.7732541897042998,1.8999859614513692
191,CCOC(=O)C1CCN(C(=O)COc2ccc3c(c2)OCO3)CC1,21.67,<rdkit.Chem.rdchem.Mol object at 0x146154d60>,0.761032325905013,2.056547854157243
192,Cc1c2ccc(N(CCCO)Cc3ccc(F)cc3)cc2nn1C,17.37,<rdkit.Chem.rdchem.Mol object at 0x146155380>,0.7542080792078577,2.3715728492388877
193,COc1ccc(CCCN(CC(=O)O)CC(=O)O)cc1,19.97,<rdkit.Chem.rdchem.Mol object at 0x146155540>,0.7045290230766306,1.8940528583285001
194,Cc1ccc(C(=O)NCC(c2ccccc2)N(C)C)c(O)c1,17.7,<rdkit.Chem.rdchem.Mol object at 0x146155620>,0.892171533624122,2.313302846769421
195,O=C(Cc1ccccc1)NC(=S)Nc1cccc2ccccc12,12.56,<rdkit.Chem.rdchem.Mol object at 0x146155bd0>,0.7193169403915137,1.7377011966248102
196,COc1cc2ncnc(Nc3ccc(F)c(Cl)c3)c2cc1OC,18.5,<rdkit.Chem.rdchem.Mol object at 0x146156030>,0.7757387424369416,2.0231466368791597
197,O=C(NCC1CCCN1CCc1ccccc1)NC1CCCCC1,22.64,<rdkit.Chem.rdchem.Mol object at 0x1461560a0>,0.840693256518545,2.472411714562682
198,Cc1cc(C(=O)Nc2ccccc2N)n(C)n1,14.73,<rdkit.Chem.rdchem.Mol object at 0x146156180>,0.7688670960197347,1.963694732413387
199,COc1ccc(CN2CCC(N3CCC(C(=O)NC(C)C)CC3)CC2)cc1,16.63,<rdkit.Chem.rdchem.Mol object at 0x1461563b0>,0.8327898312228896,2.0201843034963627
200,Cc1cc(=O)c2cccc(C(=O)NCCCN3CCOCC3)c2[nH]1,14.9,<rdkit.Chem.rdchem.Mol object at 0x146156500>,0.810798565912949,2.280572603321122
201,Fc1ccc2nc(N3CCOCC3)sc2c1,15.75,<rdkit.Chem.rdchem.Mol object at 0x1461574c0>,0.7617568631600409,2.017564841960443
202,COc1ccc(CNC(=O)c2c[nH]c(-c3cc(F)ccc3OC)c2)cc1,21.1,<rdkit.Chem.rdchem.Mol object at 0x146157840>,0.7082760628735861,2.116657140191311
203,Fc1cnccc1Nc1ccc2c(c1)CCc1c[nH]nc1-2,16.5,<rdkit.Chem.rdchem.Mol object at 0x146157d10>,0.7555969973937066,2.7902662010773316
204,Cc1cc(C#N)cc(C)c1Oc1ccnc(Nc2ccc(C#N)cc2)c1,15.16,<rdkit.Chem.rdchem.Mol object at 0x1461580b0>,0.7242466742448547,2.3886442503784213
205,CN1CCN(c2ccc3[nH]c(-c4ccncc4)nc3c2)CC1,14.21,<rdkit.Chem.rdchem.Mol object at 0x146158970>,0.7878684096230205,2.187104658961905
206,CCc1ccc(NC(=O)c2cc(C)nc3ccccc23)c(C)c1,20.3,<rdkit.Chem.rdchem.Mol object at 0x1461589e0>,0.7639389365861866,1.7846285303702842
207,FC(F)(F)c1cccc(C2NCCOc3ccccc32)c1,23.06,<rdkit.Chem.rdchem.Mol object at 0x146158c80>,0.8637512528358834,2.686785922120759
208,Cc1cc(C)c(C=C2C(=O)Nc3ccccc32)[nH]1,7.16,<rdkit.Chem.rdchem.Mol object at 0x146159070>,0.7365043879614916,2.3908968739557164
209,NS(=O)(=O)NC1CCCN(CC(=O)N2CCCc3ccccc32)C1,33.49,<rdkit.Chem.rdchem.Mol object at 0x1461590e0>,0.8103873204114197,2.8197023907464818
210,COc1cnn(C)c(=O)c1-c1cccc(NC(=O)c2cccc(C(F)(F)F)c2)c1,20.76,<rdkit.Chem.rdchem.Mol object at 0x146159460>,0.7206398699951918,2.23225030613661
211,COc1ccc(NC(=O)NCCc2ccccc2)cc1,12.42,<rdkit.Chem.rdchem.Mol object at 0x1461597e0>,0.8769465849732192,1.4252348935346735
212,COCCCNC(=O)Nc1cccc2cccnc12,21.13,<rdkit.Chem.rdchem.Mol object at 0x146159f50>,0.810330146283779,1.8864388735944466
213,Cc1ccc(F)c(NC(=O)c2cnn3cccnc23)c1,13.05,<rdkit.Chem.rdchem.Mol object at 0x14615a500>,0.777647596403613,2.1107352285898173
214,COc1cc(NS(C)(=O)=O)ccc1N=c1[nH]cnc2ccccc12,19.73,<rdkit.Chem.rdchem.Mol object at 0x14615af10>,0.7579472141989256,2.6912418537637723
215,COCCCNC(=O)c1cc(C)nc2ccc(OC)cc12,18.39,<rdkit.Chem.rdchem.Mol object at 0x14615b140>,0.8286947069220593,1.9000167625442952
216,CN1CCN(CC(=O)NCCCN2CCOCC2)c2cc(Cl)ccc21,20.41,<rdkit.Chem.rdchem.Mol object at 0x14615b370>,0.7718332232667015,2.3205896977151035
217,Cn1cnc2c(N3CCOCC3)cc(-c3ccncc3)nc21,21.94,<rdkit.Chem.rdchem.Mol object at 0x14615b4c0>,0.7221486124954216,2.4729446589619037
218,Cc1ccc2c(OCCCN3CCCC3)cccc2n1,17.33,<rdkit.Chem.rdchem.Mol object at 0x14615b760>,0.7785435430966196,1.8724430444136004
219,COCC(=O)Nc1cc(C)cc(C)c1,19.2,<rdkit.Chem.rdchem.Mol object at 0x146113060>,0.7956513764891755,1.6821109500646063
220,CCCCN(C(=O)CC(C)C)c1c(N)nc(C)[nH]c1=O,21.68,<rdkit.Chem.rdchem.Mol object at 0x14615bed0>,0.8312680631944087,2.7127787852317855
221,Cc1cccc(NC(=O)c2cc(C)nn2C)c1,12.73,<rdkit.Chem.rdchem.Mol object at 0x14615c7b0>,0.8584167078011968,1.836672473820915
222,CC1(C)C=Cc2cc(C(=O)Nc3cccc(O)c3)c(O)cc2O1,22.17,<rdkit.Chem.rdchem.Mol object at 0x14615c890>,0.792450025370171,2.5239207825892187
223,Cc1c(-c2ccc(Cl)cc2)c2cccc3c2n1CCNC3=O,24.09,<rdkit.Chem.rdchem.Mol object at 0x14615c900>,0.7236310127746161,2.3661145659779663
224,COCCNC(=O)CN1CCN(C)c2cc(Br)cnc21,22.76,<rdkit.Chem.rdchem.Mol object at 0x14615c970>,0.8041631337583885,2.600867993193635
225,C=CCN1CCN(CC(C)=Cc2ccccc2)CC1,18.15,<rdkit.Chem.rdchem.Mol object at 0x14615d310>,0.7474741947622182,2.133147125342699
226,Cc1cc2cc(N3CCc4cc(CN5CCOCC5)ccc43)ccc2cn1,20.31,<rdkit.Chem.rdchem.Mol object at 0x14615d700>,0.7047961776353616,2.3750619233764834
227,C(#CCN1CCCC1)CCc1cccs1,22.2,<rdkit.Chem.rdchem.Mol object at 0x14615daf0>,0.7066103556884297,2.500062349573147
228,OCC1c2[nH]c3ccc(F)cc3c2CCN1Cc1ccc2c(c1)OCO2,20.65,<rdkit.Chem.rdchem.Mol object at 0x14615dbd0>,0.7587684208448183,2.9230774996542763
229,CN1CCN(CC(=O)Nc2cccc(F)c2)CC1,11.06,<rdkit.Chem.rdchem.Mol object at 0x14615de00>,0.8706633361503298,1.6541973264444039
230,CCN1C(=O)CC(C)(C)c2cc(C)c(CSc3ccccc3)cc21,20.18,<rdkit.Chem.rdchem.Mol object at 0x14615e0a0>,0.7025296683003778,2.448461277009537
231,Cc1nc2c(OCc3ccccc3)cccn2c1NC(=O)C1CC1,12.77,<rdkit.Chem.rdchem.Mol object at 0x14615e260>,0.7813914357835773,2.199829459508413
232,COc1cccc(-c2cc(C(=O)NCC3CCC(OC)CC3)ccc2N)c1,20.89,<rdkit.Chem.rdchem.Mol object at 0x14615ed50>,0.7590848628601267,2.180452635164695
233,CC1CCCCC1=NNc1ccc(F)cc1,18.04,<rdkit.Chem.rdchem.Mol object at 0x14615ef10>,0.7530150749891121,2.638411746936587
234,C=CCOc1cc2ncccc2cc1C(=O)Nc1ccc(F)cc1,20.29,<rdkit.Chem.rdchem.Mol object at 0x14615eff0>,0.716605527827843,2.0251150782375085
235,COc1ccnc2nc(N3CCC(N4CCCCC4)CC3)sc12,17.51,<rdkit.Chem.rdchem.Mol object at 0x14615f060>,0.8635028513826581,2.495001537679716
236,COCCOc1cc2c(cc1OC)cc1n2CCNC1=O,17.94,<rdkit.Chem.rdchem.Mol object at 0x14615f290>,0.8460114387430459,2.495651312739861
237,COc1cc2[nH]c(Oc3cncc(F)c3)nc(=N)c2cc1OC,25.03,<rdkit.Chem.rdchem.Mol object at 0x14615fbc0>,0.7706302480829429,2.8708784711986866
238,O=C(Nc1ccc(OC2CCN(C(=O)c3cccnc3)CC2)cc1)N1CCCC1,23.66,<rdkit.Chem.rdchem.Mol object at 0x1461603c0>,0.8625578814837868,2.1158053740099145
239,O=C(CO)NC1CCC(CCN2CCN(c3nccc4sccc34)CC2)CC1,31.76,<rdkit.Chem.rdchem.Mol object at 0x1461605f0>,0.7769540149271,2.536350321398123
240,CCOC(=O)c1c(CC(C)C)oc2ccc(O)cc12,27.15,<rdkit.Chem.rdchem.Mol object at 0x146160740>,0.8563931138133011,2.324645097370672
241,O=c1cc(NCCCN2CCOCC2)[nH]c2ccccc12,19.46,<rdkit.Chem.rdchem.Mol object at 0x1461607b0>,0.8212985557564502,2.2628282358167855
242,O=C(NCC(F)(F)F)NC(=O)c1ccc(F)cc1,22.96,<rdkit.Chem.rdchem.Mol object at 0x146160820>,0.8004567775653754,1.9009211952226828
243,N#Cc1cccc(C(=O)Nc2ccc3c(c2)C(N2CCC(C(=O)NC4CC4)CC2)CC3)c1,24.14,<rdkit.Chem.rdchem.Mol object at 0x146160ac0>,0.7588412221883175,2.8164169872283384
244,O=S(=O)(NCCCN1CCOCC1)c1cccc2cccnc12,20.27,<rdkit.Chem.rdchem.Mol object at 0x146160ba0>,0.8042732319459996,2.1093236994950733
245,Cc1cc(C(=O)Nc2ccc(C)c(CN3CCNC(C)C3)c2)ccc1N,25.4,<rdkit.Chem.rdchem.Mol object at 0x146160f20>,0.7401317324583747,2.670046575135391
246,CCN(CC)c1nccc(-c2ccc3[nH]ccc3c2)n1,22.93,<rdkit.Chem.rdchem.Mol object at 0x146161230>,0.7860715168098634,2.395673620325123
247,O=C(NCCc1ccccc1)Nc1cccc2cnccc12,16.09,<rdkit.Chem.rdchem.Mol object at 0x1461612a0>,0.7713856554597345,1.789304658961905
248,Cc1ccc(F)c(NC(=O)Nc2cccc(F)c2)c1,15.11,<rdkit.Chem.rdchem.Mol object at 0x1461614d0>,0.8458201769064208,1.6397313818409174
249,COc1ccc(C=CC(=O)N2CCc3ccc(O)cc3C2)cc1O,19.15,<rdkit.Chem.rdchem.Mol object at 0x146161540>,0.8514356976750066,2.2832303153022355
250,CNCCc1c[nH]c2ccccc12,16.91,<rdkit.Chem.rdchem.Mol object at 0x146161b60>,0.7307709500369286,1.8491907621545742
251,Fc1cc2c(c(OCCNCCN3CCCC3)c1)OCCC2,18.84,<rdkit.Chem.rdchem.Mol object at 0x146161f50>,0.783246250075022,2.38597377138794
252,CC(=O)N1CCc2cc(CNC(=O)CCN3CCOCC3)ccc21,20.72,<rdkit.Chem.rdchem.Mol object at 0x146161fc0>,0.8720335000151486,2.1497726033211215
253,Cc1ccc(-c2cc(CNCCO)co2)cc1,15.48,<rdkit.Chem.rdchem.Mol object at 0x1461620a0>,0.7762803515043565,2.2237202710085313
254,COc1cc(CNCC(O)c2ccccc2)ccc1OCC#N,16.7,<rdkit.Chem.rdchem.Mol object at 0x146162180>,0.7828208332244723,2.4457771096274588
255,COc1ccc2cnc(C)cc2c1OCCCN1CCCC1,17.89,<rdkit.Chem.rdchem.Mol object at 0x146162490>,0.7657105714306084,2.1855788860329106
256,COc1cc(NC(=O)Nc2cccc(C)c2)ccc1OCC(=O)O,13.58,<rdkit.Chem.rdchem.Mol object at 0x146162500>,0.7559687034893277,1.7589765468143579
257,CC(C)(O)C1CCN(C(=O)Nc2ccc3[nH]ccc3c2)CC1,21.94,<rdkit.Chem.rdchem.Mol object at 0x1461628f0>,0.7971436427014182,2.384252141305865
258,O=C(Nc1ccc(F)cc1)c1ccc(-c2cccnc2)cc1,18.63,<rdkit.Chem.rdchem.Mol object at 0x146162ce0>,0.7879661223346391,1.5550704725713729
259,Cc1ccc(C(=O)N=c2[nH]nc(-c3ccccn3)s2)cc1,22.11,<rdkit.Chem.rdchem.Mol object at 0x146162e30>,0.7897835853476523,2.6425919180362047
260,NC(=O)n1cc(CCc2ccccn2)c2cc(O)ccc21,18.19,<rdkit.Chem.rdchem.Mol object at 0x146163060>,0.7733733982939075,2.4107697742783234
261,COc1ccc(C=C(C#N)c2nc3ccccc3[nH]2)cc1OC,19.38,<rdkit.Chem.rdchem.Mol object at 0x146163140>,0.7469224778260347,2.17994396877803
262,Cc1ccc2c(Nc3ccc(C)c(C)c3)ccnc2n1,15.19,<rdkit.Chem.rdchem.Mol object at 0x146163220>,0.7487628777181136,2.084386240735567
263,CCN1CCN(CC(=O)Nc2cccc(S(N)(=O)=O)c2)CC1,18.49,<rdkit.Chem.rdchem.Mol object at 0x146163610>,0.7882992627607208,1.8697122600871356
264,Cc1ccc(F)c(NC(=O)Nc2ccc(Oc3ccncn3)cc2F)c1,15.8,<rdkit.Chem.rdchem.Mol object at 0x1461638b0>,0.7216122681236861,2.187624291958464
265,Oc1csc(Nc2ccc3ccccc3c2)n1,18.24,<rdkit.Chem.rdchem.Mol object at 0x1461642e0>,0.7190769109429186,2.1221798126097884
266,O=C(O)CC1(c2ccccc2)OCCc2c1[nH]c1ccccc21,17.28,<rdkit.Chem.rdchem.Mol object at 0x1461643c0>,0.7786980498992248,2.945441466166441
267,O=C(NC(=S)Nc1cccnc1)c1ccc(-c2ccccc2)cc1,16.67,<rdkit.Chem.rdchem.Mol object at 0x146164430>,0.7144439896417101,1.7664466501438625
268,CCN1CCN(C2CCN(Cc3ccccc3C(F)(F)F)CC2)CC1C,20.12,<rdkit.Chem.rdchem.Mol object at 0x146164580>,0.8013776603001717,2.7929340356201102
269,Cc1ccc(F)c(NC(=O)Nc2ccc3c(ccn3C)c2)c1,14.95,<rdkit.Chem.rdchem.Mol object at 0x1461645f0>,0.7287416568055691,1.9998315457723645
270,Fc1ccc2c(C3CCN(Cc4nccs4)CC3)noc2c1,25.39,<rdkit.Chem.rdchem.Mol object at 0x146164740>,0.7366252953898295,2.515399096831729
271,CC1(c2ccc(Cl)cc2)NC(=O)Nc2cc(F)ccc21,14.74,<rdkit.Chem.rdchem.Mol object at 0x1461647b0>,0.8220835785128825,2.8428760091679397
272,c1cc(-c2ccc(C3CCN(CC4CC4)CC3)nc2)ccn1,21.02,<rdkit.Chem.rdchem.Mol object at 0x146164820>,0.859763806787708,2.2472821737548045
273,c1ccc2c3c([nH]c2c1)C1CCCCN1CC3,14.5,<rdkit.Chem.rdchem.Mol object at 0x146164900>,0.7302812420579535,2.5940845848866125
274,NC(=O)c1cc(-c2cnc3c(c2)CCCN3C(N)=O)ccc1F,19.12,<rdkit.Chem.rdchem.Mol object at 0x146164ac0>,0.8833380975352152,2.5056416960507573
275,OCCOc1cccnc1Cc1cccnc1,28.11,<rdkit.Chem.rdchem.Mol object at 0x146164c10>,0.8440278714174332,2.143757658763633
276,COc1cc(C=Cc2ccc3c(c2)OCO3)cc(OC)c1,15.0,<rdkit.Chem.rdchem.Mol object at 0x146164cf0>,0.8037890826970628,2.0611578701169098
277,Cc1ccc(F)c(NC(=O)Nc2cccc(C(F)(F)F)c2)c1,19.21,<rdkit.Chem.rdchem.Mol object at 0x146164d60>,0.7686297969789605,1.809540280263679
278,COc1cccc(NC(=O)C2CCN(c3cc(C)ccn3)CC2)c1,16.62,<rdkit.Chem.rdchem.Mol object at 0x146165000>,0.9373441210288114,1.9080729377692833
279,Cc1cc(=O)[nH]c2ccc(NC(=O)c3ccccc3C(F)(F)F)cc12,17.92,<rdkit.Chem.rdchem.Mol object at 0x146165150>,0.7335534284337181,2.1013743130997202
280,O=C(CN1CCN(c2ccccc2)CC1)Nc1ccc2c(c1)COC2=O,26.09,<rdkit.Chem.rdchem.Mol object at 0x1461654d0>,0.855223717472748,2.019341230354348
281,Cc1cc(Cl)c(OCCCNCCO)c(Cl)c1,21.02,<rdkit.Chem.rdchem.Mol object at 0x146165540>,0.753349474636751,2.118379838796365
282,COc1ccc(NC(=O)CCc2c(C)nc3cccc(O)c3c2C)cc1,15.72,<rdkit.Chem.rdchem.Mol object at 0x146165690>,0.72543777033047,2.0959719552170846
283,CCOc1ccc2c(c1)[nH]c(=O)c1c2ncn1C,25.37,<rdkit.Chem.rdchem.Mol object at 0x1461657e0>,0.7463810508563582,2.305235335494178
284,CC(C)(C)OC(=O)NCC1(c2ccccc2)CCN(C(=O)c2ccc(Cl)s2)CC1,27.36,<rdkit.Chem.rdchem.Mol object at 0x1461658c0>,0.7277029322147951,2.445933297589601
285,Cc1cc(C)cc(NC(=O)C2CCCN(Cc3ccccc3F)C2)c1,25.33,<rdkit.Chem.rdchem.Mol object at 0x146165a10>,0.9002001681273302,2.359352140248763
286,O=C(Nc1ccc2c(c1)C(=O)n1cccc1CO2)Nc1ccc(F)cc1F,20.57,<rdkit.Chem.rdchem.Mol object at 0x146165a80>,0.717429697948713,2.5062472405593006
287,O=C1COc2cc(OCCCN3CCCC3)ccc2N1,17.93,<rdkit.Chem.rdchem.Mol object at 0x146165c40>,0.8343350369381891,2.1393757693158175
288,COc1ccc(CN(C)CC(=O)Nc2ccc3c(c2)OCO3)cc1OC,20.71,<rdkit.Chem.rdchem.Mol object at 0x146166030>,0.8201692043303028,1.9699683668025383
289,Cc1cc(C)cc(C(=O)Nc2cccc(N3CCC(N4CCCCC4)CC3)c2)c1,14.57,<rdkit.Chem.rdchem.Mol object at 0x146166110>,0.7956495903468646,2.098325361081665
290,COc1cccc(C(=O)c2cn(CC(=O)O)c3ccccc23)c1,23.05,<rdkit.Chem.rdchem.Mol object at 0x1461665e0>,0.7357216322882132,1.9377371694235368
291,NC(=O)C1(N2CCCCC2)CCN(C(=O)COCC(=O)N2CCCc3ccccc32)CC1,28.45,<rdkit.Chem.rdchem.Mol object at 0x1461667a0>,0.7167822225801816,2.6896545517604835
292,Cc1cc(Nc2cccc(F)c2)c2ccccc2n1,22.51,<rdkit.Chem.rdchem.Mol object at 0x146166ab0>,0.7295960305206599,1.7644064260419992
293,Cc1ccc(CN2CCC(N3CCC(C)(C(=O)NC4CC4)C3)CC2)cc1,16.75,<rdkit.Chem.rdchem.Mol object at 0x146166b20>,0.8820215778969508,2.766627778678238
294,O=C(C1CCCN(c2ccc3[nH]c(-c4ccncn4)nc3c2)C1)N1CCCC1,19.66,<rdkit.Chem.rdchem.Mol object at 0x146166dc0>,0.7604736719807998,2.9278785488535704
295,Cc1ccc(-c2cc(C(=O)N3CCN(CCN4CCOCC4)CC3)[nH]n2)s1,23.77,<rdkit.Chem.rdchem.Mol object at 0x146166f10>,0.8403773617755391,2.474672797281059
296,COC(=O)c1cc2cc3c(cc2[nH]c1=O)OCCO3,19.72,<rdkit.Chem.rdchem.Mol object at 0x146166f80>,0.7772536654171471,2.235918174293749
297,O=C(Nc1ccccc1F)N(Cc1ccc2c(c1)OCO2)CC1CCC1,23.55,<rdkit.Chem.rdchem.Mol object at 0x146167220>,0.8644355563974159,2.144084874079045
298,OCCN1CCN(Cc2ccc(F)cc2)CC1,12.28,<rdkit.Chem.rdchem.Mol object at 0x146167290>,0.8452911369203151,1.6504499413382003
299,CCCC(NC(=O)C1CCNCC1)C(=O)N1CCN(c2ccccn2)CC1,26.5,<rdkit.Chem.rdchem.Mol object at 0x1461675a0>,0.7783766777893236,2.721275186603533
300,Cc1ccc(C(=O)NCCC(=O)N=c2ccc(Cl)c[nH]2)cc1,20.71,<rdkit.Chem.rdchem.Mol object at 0x146167840>,0.9070670277725477,2.646871248005615
301,O=C(C=Cc1ccccc1C(F)(F)F)N1CCc2cncnc2C1,23.71,<rdkit.Chem.rdchem.Mol object at 0x146167bc0>,0.793598347263697,2.611268098107667
302,COc1ccc(Oc2ncc(C(N)=O)cc2NC(=O)N2CCC(F)(F)C2)cc1,26.68,<rdkit.Chem.rdchem.Mol object at 0x146167ca0>,0.8137635665478047,2.521795710343138
303,CC(C)c1ccc2c(N)c(Cl)cc(C(F)(F)F)c2n1,23.46,<rdkit.Chem.rdchem.Mol object at 0x146167df0>,0.7781544974300815,2.5816366358322096
304,COCCCNC(=O)c1ccc2c(c1)nc1n2CCCCC1,18.95,<rdkit.Chem.rdchem.Mol object at 0x1461684a0>,0.8634503630006523,2.1502711937252172
305,CCOC(=O)N1CCN(C(=O)CNC(=O)c2cc3ncccc3s2)CC1,20.64,<rdkit.Chem.rdchem.Mol object at 0x146168970>,0.8690854261227573,2.255075643309814
306,COc1cc(C=Cc2ccc(O)cc2)cc(OC)c1,13.53,<rdkit.Chem.rdchem.Mol object at 0x1461690e0>,0.8496677559492319,1.886630994806568
307,COc1ccc(NC(=O)CN2CCN(C(=O)c3cccc(OC)c3)CC2)cc1,17.48,<rdkit.Chem.rdchem.Mol object at 0x146169310>,0.8272518520648814,1.7442273523549723
308,COc1ccc(F)cc1NC(=O)N=c1cc[nH]cc1,20.93,<rdkit.Chem.rdchem.Mol object at 0x146169700>,0.8706056053736965,2.8089027896783634
309,COC(=O)C1CCCN1C(=O)CN(C)CC(=O)Nc1ccc(F)cc1,25.65,<rdkit.Chem.rdchem.Mol object at 0x146169c40>,0.7693214658699622,2.4874385880324557
310,COc1ccc(CCNC(=O)c2cc(OC)c(OC)c(OC)c2)cc1OC,17.65,<rdkit.Chem.rdchem.Mol object at 0x146169d90>,0.7263518121121969,1.8534915002995582
311,O=C(NOCc1ccc(Br)cc1)Nc1ccc(F)cc1,23.56,<rdkit.Chem.rdchem.Mol object at 0x14616a180>,0.8318302461490655,1.8911327994400224
312,CC(C)(C)OC(=O)N1CCN(c2ccc(C(=O)NC3CCCC3)cn2)CC1,22.56,<rdkit.Chem.rdchem.Mol object at 0x14616a260>,0.8805287363690383,2.1192526824857936
313,Fc1ccccc1CN1CCN(CCN=c2cc[nH]c3cc(Cl)ccc23)CC1,21.25,<rdkit.Chem.rdchem.Mol object at 0x14616a2d0>,0.7110746765687923,2.583035499634521
314,CC(C)(Oc1ccc(NC(=O)Nc2cccc(Cl)c2)cc1)C(=O)O,22.87,<rdkit.Chem.rdchem.Mol object at 0x14616a3b0>,0.7542465279133436,1.8924852515424657
315,COc1ccc(Cc2cc3ccccc3nc2O)cc1,23.17,<rdkit.Chem.rdchem.Mol object at 0x14616a880>,0.7872516891730673,1.9563542569298988
316,CNC(=O)c1ccc(Cl)c(NC(=O)Nc2ccc(F)c(F)c2)c1,18.61,<rdkit.Chem.rdchem.Mol object at 0x14616a9d0>,0.7989466128867713,1.8423947180287783
317,Cc1cc(F)ccc1NC(=O)Nc1ccc2ncccc2c1,22.33,<rdkit.Chem.rdchem.Mol object at 0x14616ac70>,0.7391693277145781,1.799384895648295
318,O=C(CN1CCCOCC1)Nc1ccc(F)cc1F,22.61,<rdkit.Chem.rdchem.Mol object at 0x14616aff0>,0.9072704295960806,1.846064328139903
319,Cc1cc(C(=O)Nc2ccc(CCN3CCOCC3)cc2)n(C)n1,17.34,<rdkit.Chem.rdchem.Mol object at 0x14616b290>,0.9099965458885132,2.0591906635217914
320,COc1ccc(-c2cc(C(=O)O)nn2-c2ccc(Cl)cc2)cc1,18.22,<rdkit.Chem.rdchem.Mol object at 0x14616b300>,0.7885470199096768,1.8955213114353704
321,CCOc1ccc(-n2nc3ncnc(N4CCCC4)c3c2C)cc1,16.61,<rdkit.Chem.rdchem.Mol object at 0x14616b7d0>,0.7381748430825705,2.3441892875065022
322,CNc1ccc2c(=O)c(C(=O)O)cn(C3CC3)c2c1F,16.82,<rdkit.Chem.rdchem.Mol object at 0x14616b920>,0.9012990695442701,2.4551747697504123
323,CCOc1c(O)n(CC(=O)O)c2ncccc2c1=O,31.49,<rdkit.Chem.rdchem.Mol object at 0x14616bc30>,0.837360050053322,2.49381314470795
324,COc1cc(OC)c2c(=O)c3cc(OC)c(OC)cc3ccc2c1,18.36,<rdkit.Chem.rdchem.Mol object at 0x14616c190>,0.7354579643562937,2.1132996237374346
325,Cc1ccc(C(=O)NCCN(C)C)cc1,18.18,<rdkit.Chem.rdchem.Mol object at 0x14616c5f0>,0.8047121940394059,1.5025680156144219
326,COc1ccc2[nH]ccc(=NC(=O)c3ccc(F)cc3)c2c1,22.86,<rdkit.Chem.rdchem.Mol object at 0x14616c890>,0.7898990620489742,2.3751585220219216
327,Cc1cccc(CN2CCC(C(=O)N3CCC(Oc4ccccc4C)CC3)CC2)c1,25.87,<rdkit.Chem.rdchem.Mol object at 0x14616cac0>,0.7283061102282011,2.089005067220949
328,Cc1cc(N2CCCCC2)nc2ccc(NC(=O)CCN3CCN(CCO)CC3)cc12,21.17,<rdkit.Chem.rdchem.Mol object at 0x14616cb30>,0.7101929280887448,2.29828062667932
329,CCCCC1CNC(=O)C(=O)N1Cc1ccc(-c2ccc(C(F)(F)F)cc2)cc1,16.69,<rdkit.Chem.rdchem.Mol object at 0x14616cba0>,0.7263240476039734,2.8391508984234903
330,CC1(COC(=O)NC(Cc2ccccc2)C(=O)O)CCCC1,25.97,<rdkit.Chem.rdchem.Mol object at 0x14616cd60>,0.846888735881698,2.601316502547803
331,c1ccc(CN=c2cc[nH]c(-c3ccccn3)n2)cc1,16.69,<rdkit.Chem.rdchem.Mol object at 0x14616ce40>,0.7883638622350998,2.7032111800068215
332,Fc1ccc(OCCn2ccnc2)cc1,17.93,<rdkit.Chem.rdchem.Mol object at 0x14616d460>,0.7655583231808998,1.8398831188039182
333,O=C(NCCc1ccccc1)c1cc(O)n(-c2ccccc2)c1,17.08,<rdkit.Chem.rdchem.Mol object at 0x14616d540>,0.760567307601398,2.0440959153389304
334,COc1ccccc1Oc1ncccc1NCc1ncc(C)s1,25.38,<rdkit.Chem.rdchem.Mol object at 0x14616d690>,0.7329128104734404,2.3140959153389318
335,CC(O)Cn1cc(C(=O)NCC2CCCCC2)cn1,23.55,<rdkit.Chem.rdchem.Mol object at 0x14616d7e0>,0.8489840183343215,2.72924175803362
336,CCC(=O)N1CCN(c2ccc(C)cc2)CC1,18.27,<rdkit.Chem.rdchem.Mol object at 0x14616db60>,0.7788974519445176,1.642906966455941
337,CCn1nnc2cc(C(=O)NCCc3ccccc3)ccc21,22.09,<rdkit.Chem.rdchem.Mol object at 0x14616de00>,0.7859042915699304,1.8644822514175257
338,COc1ccc(CNC(=O)C(=O)NCCN2CCOCC2)cc1,19.42,<rdkit.Chem.rdchem.Mol object at 0x14616dee0>,0.7070912457798645,1.9104789338129944
339,Cc1cc(C(=O)O)cc(-c2cn3c(C)csc3n2)n1,31.52,<rdkit.Chem.rdchem.Mol object at 0x14616e180>,0.7792369824976477,2.5910901626827165
340,Cc1cccc2c3c([nH]c12)C(=NCCO)CC3,22.34,<rdkit.Chem.rdchem.Mol object at 0x14616e650>,0.8130280787476158,2.9551080261105724
341,Oc1ccc(CCCNCCc2ccccn2)cc1,22.3,<rdkit.Chem.rdchem.Mol object at 0x14616e8f0>,0.7483219913010899,1.8736635039640763
342,COc1cc(OC)c2c3c(c(C)nc2c1Cl)CCCO3,23.51,<rdkit.Chem.rdchem.Mol object at 0x14616ec00>,0.8490195158235841,2.647559201984844
343,Oc1ccc2cc(-c3ccc(CN4CCCC4)cc3)ccc2c1,19.24,<rdkit.Chem.rdchem.Mol object at 0x14616ece0>,0.7504139823535622,1.789989999218177
344,COc1cc2c(cc1OC)CN(CC(=O)N1CCCC1)CC2,22.83,<rdkit.Chem.rdchem.Mol object at 0x14616eff0>,0.8486825000821605,2.011683796747196
345,NC(=O)C1CCN(CC(=O)Nc2ccc(Oc3ccccc3)cc2)CC1,17.23,<rdkit.Chem.rdchem.Mol object at 0x14616f300>,0.8359572289241767,1.7768627202328915
346,CCOC(=O)N1CCN(CCCNC(=O)Cn2c(C)cc3ccccc32)CC1,19.25,<rdkit.Chem.rdchem.Mol object at 0x14616f530>,0.7413416846532399,2.161725236970355
347,Clc1ccc(OCCN=c2cc(N3CCCCCC3)[nH]cn2)cc1,27.9,<rdkit.Chem.rdchem.Mol object at 0x14616f8b0>,0.8438282211361106,2.813650572137364
348,COc1ccccc1OC1CCN(C(=O)c2c(C)cc(C)[nH]c2=O)C1,21.31,<rdkit.Chem.rdchem.Mol object at 0x14616fc30>,0.9253339271860435,2.7129589224806168
349,O=C(C1CCCN1)N1CCC(CO)(Cc2ccccc2)CC1,25.7,<rdkit.Chem.rdchem.Mol object at 0x1461700b0>,0.8877641775022692,2.8182555146445782
350,CCCCCCNC1CCc2cc(O)ccc2C1,16.53,<rdkit.Chem.rdchem.Mol object at 0x146170190>,0.7549433607612878,2.5419176093373093
351,Cc1ccc(-c2ccc(OCCNCCO)cc2)cc1,16.08,<rdkit.Chem.rdchem.Mol object at 0x146170200>,0.7606580654848972,1.694697758256158
352,COC(=O)C1CCN(C(=O)c2ccc(F)c(F)c2)C1,13.84,<rdkit.Chem.rdchem.Mol object at 0x1461703c0>,0.7660833969471474,2.30798071266873
353,Cc1nnc2n1-c1ccc(OCc3c(F)cccc3F)cc1CC2,20.05,<rdkit.Chem.rdchem.Mol object at 0x146170430>,0.7386989094135804,2.4214140748930273
354,CN1CCN(CC(=O)Nc2cc(Cl)ccc2Cl)CC1,13.41,<rdkit.Chem.rdchem.Mol object at 0x146170ba0>,0.9293892326328276,1.7331537330745892
355,Cn1cncc1NC(=O)Nc1cc(Cl)ccc1Oc1ccccc1,20.61,<rdkit.Chem.rdchem.Mol object at 0x146170cf0>,0.7325922059878288,2.187387987936507
356,COc1ccc(-c2coc3c(OC)cc(OC)cc23)cc1,16.56,<rdkit.Chem.rdchem.Mol object at 0x146170d60>,0.7221154668110221,1.9778628512013992
357,OC1CCN(CCCN2c3ccccc3Oc3ccc(F)cc32)CC1,15.76,<rdkit.Chem.rdchem.Mol object at 0x146170f90>,0.9136261603040527,2.2418843236371284
358,COc1cccc(C(=O)Nc2ccc(Cc3ccc4c(c3)OCO4)cc2)c1,22.26,<rdkit.Chem.rdchem.Mol object at 0x1461710e0>,0.7374188811326647,1.8409834107182554
359,Cc1ccc(-c2cnc(-c3ccc(NC(=O)CN4CCN(C)CC4)cc3)o2)cc1,26.94,<rdkit.Chem.rdchem.Mol object at 0x146171380>,0.7224695432462969,2.0822489874552925
360,CNC(=O)N1CCc2c(C(=O)Nc3ccc(OC)nc3)csc2C1,25.51,<rdkit.Chem.rdchem.Mol object at 0x146171700>,0.8914342371995082,2.5750237542162626
361,Cc1cc(C)cc(C(=O)N(c2ccc3[nH]ccc3c2)C2CCN(C)C2)c1,17.35,<rdkit.Chem.rdchem.Mol object at 0x146171930>,0.7734636612855499,2.953403038553498
362,O=C1c2ccccc2Oc2ccccc2N1CCCN1CCCC1,19.67,<rdkit.Chem.rdchem.Mol object at 0x146171ee0>,0.8549770924757355,2.035697592722414
363,CC(C)(C)C(O)CN1CCC(CNC(=O)c2cc3cccc(F)c3[nH]2)CC1,23.15,<rdkit.Chem.rdchem.Mol object at 0x146172180>,0.7519570006328173,2.992373648141996
364,COc1nc(C)ccc1CNC(=O)N1Cc2ccccc2C1,17.26,<rdkit.Chem.rdchem.Mol object at 0x1461727a0>,0.9472313486110503,2.178417862681261
365,COc1ccc(NC(=O)Nc2cc(C)ccc2F)cn1,20.71,<rdkit.Chem.rdchem.Mol object at 0x146172b20>,0.9038617228214311,1.8819410701167136
366,COCCOc1ccc(NC(=O)N2CCC(c3ccc(C#N)cn3)CC2)cc1,18.85,<rdkit.Chem.rdchem.Mol object at 0x146172b90>,0.7763490151195509,2.291872501927621
367,COc1ccc2nc(C)cc(OCc3ccccc3F)c2c1,23.42,<rdkit.Chem.rdchem.Mol object at 0x146172ce0>,0.7203781524891547,1.8800508297142287
368,Cc1cccc(NC(=O)Cc2c(C(=O)O)n(C)c3ccccc23)c1,17.8,<rdkit.Chem.rdchem.Mol object at 0x146173060>,0.773433994188759,2.0370755135192944
369,N#Cc1ccc(-c2ccc3c(c2)OCO3)cc1,22.44,<rdkit.Chem.rdchem.Mol object at 0x146173140>,0.7459542058014182,1.824595504917479
370,CCOc1ccc(C(=O)c2c[nH]nc2-c2ccc(OC)cc2)cc1,23.24,<rdkit.Chem.rdchem.Mol object at 0x146173450>,0.7026257650358203,2.2136876534883463
371,Oc1ccc(Br)cc1C=Nc1ccccn1,18.57,<rdkit.Chem.rdchem.Mol object at 0x146173610>,0.8558706865176838,2.432935431870071
372,Cc1nc(=O)c(Cc2ccc(C3CC3)cc2)c[nH]1,21.52,<rdkit.Chem.rdchem.Mol object at 0x146173680>,0.8957372448690925,2.4086905391140867
373,Cc1cccc(NC(=O)c2cc(Cl)ccc2O)c1,14.64,<rdkit.Chem.rdchem.Mol object at 0x146173a70>,0.8676596318642957,1.5823643490688362
374,CC(C)n1cc(NC(=O)NCCCN2CCOCC2)cn1,12.34,<rdkit.Chem.rdchem.Mol object at 0x146173bc0>,0.7762623349405705,2.2879590050475542
375,O=C(NCCCN1CCOCC1)c1c[nH]c(-c2ccncc2)c1,15.49,<rdkit.Chem.rdchem.Mol object at 0x146173df0>,0.7934233929557563,2.367938641752115
376,O=c1ccc(-c2ccc3[nH]c(N4CCOCC4)nc(=O)c3c2)c[nH]1,22.24,<rdkit.Chem.rdchem.Mol object at 0x146174510>,0.736859287584887,2.4779015951988086
377,COc1cccc(NC(=O)c2sc3nc(C)c4c(c3c2N)CCCC4)c1,15.81,<rdkit.Chem.rdchem.Mol object at 0x146174660>,0.7223509152313212,2.3388504873846596
378,Cc1ccc(OCCCN2CCCC2)c(C)c1,10.73,<rdkit.Chem.rdchem.Mol object at 0x146174a50>,0.7242959022536484,1.6658389523272135
379,O=C(NCCCN1CCOCC1)c1cc2c(F)cccc2[nH]1,19.75,<rdkit.Chem.rdchem.Mol object at 0x146174ac0>,0.8276998220002734,2.1595113379559887
380,COc1ccccc1NC(=O)CCc1cn2ccccc2n1,21.28,<rdkit.Chem.rdchem.Mol object at 0x146174ba0>,0.7871229709839216,1.999443309109834
381,Cc1cccc(Nc2nc3cnccc3s2)c1,15.12,<rdkit.Chem.rdchem.Mol object at 0x146174e40>,0.7422668608889289,2.0590247356867106
382,Cc1ccc(C(=O)NC2CCCN(Cc3ccc(Cl)cc3)C2)c(C)c1,24.56,<rdkit.Chem.rdchem.Mol object at 0x146175000>,0.8827352242905616,2.2874554988619806
383,O=C(NC1COC(c2ccc(F)cc2)OC1)OCCC(F)(F)F,37.18,<rdkit.Chem.rdchem.Mol object at 0x146175150>,0.8585957805910572,2.618247705666141
384,O=C(NCCO)C1CCN(Cc2ccc3c(c2)OCCCO3)C1,24.43,<rdkit.Chem.rdchem.Mol object at 0x1461752a0>,0.8387999210364837,2.5772681022169586
385,O=C(Nc1ccc(F)cc1F)c1ccc(-c2ccc(F)cc2)s1,23.03,<rdkit.Chem.rdchem.Mol object at 0x1461754d0>,0.7109865677287454,1.8910500688318237
386,CN1CCN(c2cc(-c3ccc4[nH]cnc4c3)ccn2)CC1,17.06,<rdkit.Chem.rdchem.Mol object at 0x146175620>,0.7878684096230205,2.3321335347015495
387,O=C(Cc1cc2ccccc2[nH]1)NC1CCC(CN2CCCCCC2)CC1,22.88,<rdkit.Chem.rdchem.Mol object at 0x146175770>,0.829360735846981,2.277458654145713
388,CNC(=O)c1ccc(-c2cc(CC(=O)O)ccc2OC)c2cccnc12,16.92,<rdkit.Chem.rdchem.Mol object at 0x1461758c0>,0.7385531790770269,2.166207993151753
389,Cc1csc(=NC(=O)Nc2ccccc2Cl)[nH]1,17.5,<rdkit.Chem.rdchem.Mol object at 0x1461759a0>,0.8191781254017786,2.9484896587636342
390,CN(Cc1ccc(-c2ccc(C(F)(F)F)cc2)cc1)C(=O)C1CCCO1,23.31,<rdkit.Chem.rdchem.Mol object at 0x146175fc0>,0.799918255984513,2.548318018760259
391,COc1cc2c(cc1C=CCO)OCO2,20.41,<rdkit.Chem.rdchem.Mol object at 0x146176880>,0.8158542030458293,2.3700869649577623
392,COc1cccc(N=c2nc[nH]c3cc(C)[nH]c23)c1,19.31,<rdkit.Chem.rdchem.Mol object at 0x1461768f0>,0.7372721736140836,2.9995563561119294
393,CC(=O)Nc1ccc(C(=O)Nc2ccc(N3CCOCC3)cc2)cc1,19.15,<rdkit.Chem.rdchem.Mol object at 0x146176b90>,0.8984754485234681,1.7238416207920277
394,Cc1cc(C)cc(S(=O)(=O)c2nn(C)c3cccnc23)c1,16.65,<rdkit.Chem.rdchem.Mol object at 0x1461771b0>,0.7288990126825886,2.554767227859225
395,c1cc(-c2cn[nH]c2)c2ccc(N3CCC(N4CCCCC4)CC3)cc2n1,17.55,<rdkit.Chem.rdchem.Mol object at 0x146177840>,0.7635776558770814,2.5173823720944313
396,CCC(Oc1ccccc1)C(=O)N1CCc2ccccc21,21.32,<rdkit.Chem.rdchem.Mol object at 0x146177df0>,0.8589404036915982,2.366638746837026
397,COc1ccc(-c2ccc3cnc(N4CCC(C(N)=O)CC4)nc3c2)cn1,21.8,<rdkit.Chem.rdchem.Mol object at 0x146177f40>,0.7648517865930907,2.380785133435655
398,COc1ccc(NC(=O)N2CCc3ccccc32)cc1,13.38,<rdkit.Chem.rdchem.Mol object at 0x146178430>,0.9076746703076747,1.6890327715187592
399,COc1ccccc1C(=O)Nc1ccc(N2CCC(N3CCCCC3)CC2)cc1,13.91,<rdkit.Chem.rdchem.Mol object at 0x1461787b0>,0.8176712695687561,1.959360125141135
400,O=C(c1cc(C(F)(F)F)cc(C(F)(F)F)c1)N1Cc2cccc(F)c2N1,23.64,<rdkit.Chem.rdchem.Mol object at 0x146178890>,0.7201887008406225,2.842287071881243
401,COC(=O)c1c(N)sc(C(=O)Nc2ccccc2)c1C,17.33,<rdkit.Chem.rdchem.Mol object at 0x146178900>,0.8514830599639076,1.9549079632236044
402,COc1nc(C)c(C(=O)Nc2ccccc2)c(N)c1N,24.44,<rdkit.Chem.rdchem.Mol object at 0x146178c80>,0.7902962160942071,2.2795222289578714
403,OC1CCN(C2CCC(Nc3cccc4ccc(F)cc34)CC2)C1,22.08,<rdkit.Chem.rdchem.Mol object at 0x146178dd0>,0.9002031637072142,2.6969754353489375
404,Cc1cccc(NC(=S)NC(=O)Cc2ccccc2)c1,9.0,<rdkit.Chem.rdchem.Mol object at 0x146179230>,0.851204956389394,1.6713627589541904
405,COC(=O)c1ccc(O)c(CN2CCOCC2)c1,20.12,<rdkit.Chem.rdchem.Mol object at 0x146179310>,0.8124474019816268,1.9104081861729103
406,O=c1[nH]nc(Cc2ccccc2F)c2c1CCCC2,14.56,<rdkit.Chem.rdchem.Mol object at 0x1461794d0>,0.8985358666806845,2.2974279645035374
407,COc1cccc(NC(=O)COC(=O)c2ccccc2O)c1,18.42,<rdkit.Chem.rdchem.Mol object at 0x146179770>,0.8269648262914892,1.6519469303877479
408,Cc1ccc2c(C)c(CNCCN3CCOCC3)c(C)cc2c1,23.89,<rdkit.Chem.rdchem.Mol object at 0x146179d90>,0.8582778694555049,2.2546859268199864
409,COc1ccc(C)cc1Nc1cc(=O)oc2ccccc12,16.45,<rdkit.Chem.rdchem.Mol object at 0x14617a0a0>,0.7407163986882506,1.9558059281244766
410,Nc1c(C(=O)Nc2ccccc2Cl)sc2nc3c(cc12)CCCC3,16.33,<rdkit.Chem.rdchem.Mol object at 0x14617a340>,0.7002460738727263,2.2730334728863397
411,Cc1cccc(-c2nc3c([nH]2)-c2ccccc2CCC3)c1O,21.66,<rdkit.Chem.rdchem.Mol object at 0x14617a500>,0.7037108134079472,2.5259735975713724
412,CC(C)n1cc(-c2cc(N)c3ccn(C)c3n2)cn1,19.41,<rdkit.Chem.rdchem.Mol object at 0x14617a8f0>,0.7652599402755431,2.756543863698683
413,CC1(C)CC(NC(=O)Nc2ccc3c(c2)NC(=O)CC3)c2ccccc2O1,14.6,<rdkit.Chem.rdchem.Mol object at 0x14617a9d0>,0.7526387172583068,2.9096667949951414
414,Cc1[nH]cnc1C(=O)NCc1ccc(-c2ccc(Cl)cc2)cc1,22.74,<rdkit.Chem.rdchem.Mol object at 0x14617af10>,0.7622454977666232,1.9780628498969115
415,COc1cc(O)c2c(=O)cc(-c3ccc4c(c3)OCO4)oc2c1,13.18,<rdkit.Chem.rdchem.Mol object at 0x14617b300>,0.783669604046178,2.3167481645822257
416,COc1ccc(C(=O)N2CCN(CC(=O)Nc3ccccc3OC)CC2)c(OC)c1,19.25,<rdkit.Chem.rdchem.Mol object at 0x14617b5a0>,0.7489960053880826,1.8960105033264245
417,CCC(=O)N1CCC(Nc2ccc3c(C)cc(=O)[nH]c3c2)CC1,20.15,<rdkit.Chem.rdchem.Mol object at 0x14617bae0>,0.9153387784128113,2.2993113706069686
418,COc1cc(-c2cnc3cncnc3c2)ccc1CN(C)CCO,15.07,<rdkit.Chem.rdchem.Mol object at 0x14617bd10>,0.7487762299138107,2.4343612320836634
419,O=C(c1ccco1)N1CCN(Cc2nc(=O)c3ccccc3[nH]2)CC1,15.21,<rdkit.Chem.rdchem.Mol object at 0x14617bf40>,0.7819825593123739,2.144397916893187
420,COc1ccc2c(c1)c(CC(=O)O)c1n2CCC1CC(=O)O,20.58,<rdkit.Chem.rdchem.Mol object at 0x14617c350>,0.8839651706240497,2.979370942608007
421,O=C(Cc1ccccc1)NC(=S)Nc1ccc(Cl)c(Cl)c1,13.06,<rdkit.Chem.rdchem.Mol object at 0x14617cba0>,0.8292374366865454,1.757908287968025
422,COc1cccc(CNC(=O)C2CCC(=O)N2CCC2CCCCC2)c1,26.31,<rdkit.Chem.rdchem.Mol object at 0x14617ccf0>,0.8137194459142661,2.672028560383019
423,O=C(NCCc1ccc(Cl)cc1)c1ccc2cc3n(c2c1)CCCNC3=O,20.44,<rdkit.Chem.rdchem.Mol object at 0x14617cdd0>,0.7271219070326351,2.299412352370565
424,Cc1ccc(CN2CCC(N3CCC(C(=O)NC(C)C)CC3)CC2)cc1,14.29,<rdkit.Chem.rdchem.Mol object at 0x14617d000>,0.8789627823946748,2.0120344790686495
425,CCNC(=O)Nc1ccc2nc(-c3cccc(OC)c3)cn2c1,21.54,<rdkit.Chem.rdchem.Mol object at 0x14617d150>,0.7776149591264634,2.189313199547261
426,COC(=O)c1c(C)[nH]c(C)c1NC(C)=O,21.66,<rdkit.Chem.rdchem.Mol object at 0x14617d460>,0.7241497592752768,2.37466329631871
427,C#CCOc1cccc(C2CCN(CC3CCC(N)CC3)CC2)c1,32.35,<rdkit.Chem.rdchem.Mol object at 0x14617d7e0>,0.8430044696372213,2.453069507286722
428,Cc1[nH]c2sc(C(=O)NCCN3CCOCC3)cc2c1C,19.18,<rdkit.Chem.rdchem.Mol object at 0x14617db60>,0.9069883642319039,2.5496328512014
429,CCOc1ccc(S(=O)(=O)N2CCC(C(=O)N3CCOCC3)CC2)cc1C,19.9,<rdkit.Chem.rdchem.Mol object at 0x14617e0a0>,0.7565103044135391,2.1105150306639313
430,CNC(=O)CN1CCN(c2ccccc2)c2cc(C)ccc21,25.48,<rdkit.Chem.rdchem.Mol object at 0x14617e180>,0.9454476950413095,2.0990969835603828
431,Cc1[nH]c2cc(OCCN3CCCC3)ccc2c1C,17.07,<rdkit.Chem.rdchem.Mol object at 0x14617e260>,0.9114229758116116,2.037299013454586
432,Cc1ccc(F)c(NC(=O)c2cccs2)c1,15.34,<rdkit.Chem.rdchem.Mol object at 0x14617ea40>,0.8482841494036137,1.7155146291944874
433,Cc1cc(CNc2ccc3[nH]c(C)cc3c2)n(C)n1,19.69,<rdkit.Chem.rdchem.Mol object at 0x14617eb90>,0.7539581580373689,2.3924079178834923
434,O=c1cc(N2CCOCC2)oc2ccc(Cc3ccccc3)cc12,16.28,<rdkit.Chem.rdchem.Mol object at 0x14617ec70>,0.7427251166238301,2.222033670728914
435,Cc1ccc(-c2nsc(C(=O)N3CCC(N4CCCCC4)CC3)n2)cc1,24.06,<rdkit.Chem.rdchem.Mol object at 0x14617ed50>,0.8281997162581836,2.4148784773179113
436,Oc1c2c(c(O)n1-c1ccc(F)cc1)CCCC2,20.44,<rdkit.Chem.rdchem.Mol object at 0x14617f140>,0.8134633688772062,2.3272670097023216
437,NC(=O)c1cccc2c1C(=O)N(C1CCN(Cc3cccnc3)CC1)C2,18.83,<rdkit.Chem.rdchem.Mol object at 0x14617f1b0>,0.9118298281778958,2.3428436433098163
438,COc1ccc2[nH]c(N(C)Cc3ccc(NC(C)=O)cc3)nc2c1,23.64,<rdkit.Chem.rdchem.Mol object at 0x14617f220>,0.7561304807462164,2.173471039284136
439,CN=c1ccc(-c2nccc3cc(OC)c(OC)cc23)c[nH]1,19.88,<rdkit.Chem.rdchem.Mol object at 0x14617f370>,0.8079881757041351,2.8447079725713706
440,COc1ccc(NC(=O)NCc2cccs2)cc1,14.99,<rdkit.Chem.rdchem.Mol object at 0x14617f3e0>,0.8892705025011088,1.6655237100155844
441,Cc1cccc(NC(=S)NC(=O)Cc2cccs2)c1,13.02,<rdkit.Chem.rdchem.Mol object at 0x14617f8b0>,0.8534690474163922,1.9776386871142613
442,CCOC(=O)N1CCN(CCC(=O)Nc2cc(F)ccc2C)CC1,18.39,<rdkit.Chem.rdchem.Mol object at 0x14617fa00>,0.895015054000819,1.905334526148458
443,COCCn1c(=O)[nH]c2cc(CCCC3CCN(C)CC3)ccc2c1=O,41.51,<rdkit.Chem.rdchem.Mol object at 0x1461800b0>,0.8210630663159717,2.37110079923497
444,CCN(CC)S(=O)(=O)c1ccc(N2CCOCC2)c(NC(=O)c2ccccc2)c1,26.69,<rdkit.Chem.rdchem.Mol object at 0x146180270>,0.7494875529765763,2.0634607939414877
445,O=C(COc1cccc(F)c1)NNC(=O)c1ccc(F)cc1,24.35,<rdkit.Chem.rdchem.Mol object at 0x1461807b0>,0.8465708328203699,1.72150375420909
446,CCOc1cc2nc[nH]c(=Nc3ccc(F)c(Cl)c3)c2cc1OCC,18.05,<rdkit.Chem.rdchem.Mol object at 0x146180b30>,0.7329800015915271,2.757042352102969
447,O=C(O)c1cnc2c(F)cccc2c1NCCCN1CCOCC1,21.24,<rdkit.Chem.rdchem.Mol object at 0x146180e40>,0.7896772666273595,2.29890170031109
448,CC(=O)N1CCc2cc(S(=O)(=O)NCCC(=O)Nc3cccc(C)c3)ccc21,21.42,<rdkit.Chem.rdchem.Mol object at 0x146181230>,0.7757637155364909,2.129464941112367
449,O=C(Cn1ccnc1)c1ccc(F)cc1,16.94,<rdkit.Chem.rdchem.Mol object at 0x146181460>,0.7155681210039528,1.9239155874980138
450,CNc1c(C(=O)N2CCN(CC(=O)N3CCCCC3)CC2)sc2ccccc12,23.28,<rdkit.Chem.rdchem.Mol object at 0x146181930>,0.8574597177178324,2.3275135275686445
451,OCCNCCN=c1cc[nH]c2cc(Cl)ccc12,20.29,<rdkit.Chem.rdchem.Mol object at 0x146181a10>,0.7140460343536541,2.903678739601382
452,Cc1cc(C(=O)Nc2ccc3c(C)ncn3n2)n(C)n1,22.86,<rdkit.Chem.rdchem.Mol object at 0x1461821f0>,0.7617976079810942,2.642188872314515
453,Cc1cc(C)c(Cl)c(=NC(=O)Nc2ccccc2)[nH]1,25.55,<rdkit.Chem.rdchem.Mol object at 0x146182b90>,0.8231011157640149,2.627858232348901
454,O=C(NCCCN1CCOCC1)C1CNc2ccccc2O1,21.36,<rdkit.Chem.rdchem.Mol object at 0x146182ea0>,0.7841756434398542,2.745167493194872
455,CCCN(CCc1ccnc2ccc(OC)cc12)C1CCN(C)CC1,18.82,<rdkit.Chem.rdchem.Mol object at 0x146182ff0>,0.7693646381611173,2.346574313099719
456,COc1ccc(NC(=O)CN2C(=O)NC3(CCC(=O)CC3)C2=O)cc1,19.35,<rdkit.Chem.rdchem.Mol object at 0x1461831b0>,0.7943272757436238,2.6629446367663316
457,COc1ccc(NC(=O)NCCCOC(C)C)cc1,14.25,<rdkit.Chem.rdchem.Mol object at 0x1461836f0>,0.745806605233572,1.7382402352516575
458,COc1ccc(C=Cc2ccc3c(c2)OCO3)c(OC)c1,16.26,<rdkit.Chem.rdchem.Mol object at 0x146183990>,0.8037890826970628,2.0125941878974913
459,CC1CN(CCc2ccc(F)cc2)C(C)CN1,17.37,<rdkit.Chem.rdchem.Mol object at 0x146183a00>,0.8638266385913951,2.8746815883754735
460,COc1ccc2[nH]cc(-c3cnccn3)c2c1,19.83,<rdkit.Chem.rdchem.Mol object at 0x146183c30>,0.7289770901063997,2.133212427994403
461,Cc1cc2ccc(NC(=O)N3CCCC(C(F)(F)F)C3)cc2o1,21.55,<rdkit.Chem.rdchem.Mol object at 0x146183d10>,0.8355745514896027,2.81560342081627
462,CN1CCC(N(C)c2ccc3ncc(-c4cnn(C)c4)nc3c2)CC1,15.86,<rdkit.Chem.rdchem.Mol object at 0x1461840b0>,0.7356368925448792,2.607883928484334
463,CCc1cc(C)cc(NC(=O)Nc2cccc(F)c2)c1O,17.1,<rdkit.Chem.rdchem.Mol object at 0x146184120>,0.7461876655659466,2.0003099334295182
464,c1ccc2c(c1)CCC(CNCCN1CCNCC1)C2,16.77,<rdkit.Chem.rdchem.Mol object at 0x146184660>,0.7916968422404482,2.700894250926181
465,COc1cccc(Cn2cc(-c3ccc4c(c3)OCCO4)nn2)c1,22.58,<rdkit.Chem.rdchem.Mol object at 0x1461846d0>,0.7387625955833056,2.150690875495977
466,c1ccc(CCc2nc(-c3cc[nH]c3)no2)cc1,20.44,<rdkit.Chem.rdchem.Mol object at 0x146184900>,0.7612387391159148,2.2748897849662733
467,Cc1ccc2sc(C(=O)Nc3ccc(F)cc3)c(N)c2c1,16.08,<rdkit.Chem.rdchem.Mol object at 0x146184d60>,0.74553051883896,1.913480387055376
468,O=C(NCC1CCNCC1)c1cncc(-c2cccc(F)c2)c1,16.59,<rdkit.Chem.rdchem.Mol object at 0x146185000>,0.9121380060585706,2.1749007373825595
469,COc1ccc(C2CC(=O)Nc3ccccc3N2)cc1OC,22.12,<rdkit.Chem.rdchem.Mol object at 0x146185230>,0.913298892980898,2.5692681863478732
470,COc1ccc2c(=NCCN)cc(-c3ccccc3OC)[nH]c2c1,23.92,<rdkit.Chem.rdchem.Mol object at 0x1461852a0>,0.7580835870008806,2.5682294595084123
471,CC(=O)c1ccc(OCCN2CCOCC2)cc1O,16.84,<rdkit.Chem.rdchem.Mol object at 0x146185380>,0.8133180533989671,2.009048943524519
