, ,Molecule ChEMBL ID,Smiles,pChEMBL Value,activity
888,888,CHEMBL4171543,C=CC(=O)Nc1ccc(-c2ccc(NC(=O)Nc3cccc(Cl)c3)cc2)cn1,7.6,1
746,746,CHEMBL3959774,COc1cc2c(Nc3ccc(Cl)c(Cl)c3F)ncnc2cc1OC[C@@H]1CN2CCC[C@H]2CO1,7.3,1
902,902,CHEMBL421326,OCCOCCNCc1ccc(-c2cc3nccc(Nc4ccc5[nH]ccc5c4)c3s2)cc1,8.4,1
461,461,CHEMBL3660268,Cc1ccc(F)c(NC(=O)Nc2ccc(Oc3ccnc(-c4cc(C(=O)NO)c[nH]4)c3)cc2)c1,7.89,1
408,408,CHEMBL2086730,COc1ccc(C(=C2C(=O)Nc3ccccc32)c2nc3ccccc3[nH]2)cc1,6.01,0
427,427,CHEMBL1171837,Cc1ccc(C(=O)Nc2ccc(CN3CCN(C)CC3)c(C(F)(F)F)c2)cc1C#Cc1cnc2cccnn12,8.43,1
793,793,CHEMBL3983962,COCCOC(=O)c1cc2nccc(Oc3cccc(NC(=O)c4occc4C)c3)c2s1,6.56,1
301,301,CHEMBL3917483,CCOC(=O)CN1CCN(CCCNC(=O)c2cc3nccc(Oc4ccc(NC(=O)Nc5cc(C)ccc5F)cc4)c3s2)CC1,8.3,1
36,36,CHEMBL3656053,Cc1ccoc1C(=O)Nc1cccc(Oc2ccnc(-c3cc(C(=O)N4CC[C@H](O)C4)c[nH]3)c2)c1,7.7,1
195,195,CHEMBL431006,CC(C)(C)c1ccc(Nc2nnc(Cc3ccncc3)c3ccccc23)cc1,6.62,1
404,404,CHEMBL3946590,COc1cc2c(Nc3cc(Cl)c(Br)cc3F)ncnc2cc1O[C@@H]1C[C@H]2OC[C@H](OC)[C@H]2O1,6.0,0
305,305,CHEMBL150606,COc1cc2c(Nc3ccc(Cl)cc3F)ncnc2cc1OCCn1cncn1,6.3,0
708,708,CHEMBL207772,FC(F)(F)Oc1ccc(Nc2nnc(-c3cnccc3CCc3ccncc3)o2)cc1,6.33,0
154,154,CHEMBL246546,OCCNCc1cccc2c1Cc1c-2n[nH]c1-c1ccsc1,6.57,1
351,351,CHEMBL431006,CC(C)(C)c1ccc(Nc2nnc(Cc3ccncc3)c3ccccc23)cc1,6.62,1
508,508,CHEMBL238522,CC(C)c1ccc(NC(=O)c2c(NCc3ccncc3)ncn2C)cc1,6.75,1
179,179,CHEMBL436806,Nc1ncnc2occ(-c3ccc(NC(=O)Nc4ccc5ccccc5c4)cc3)c12,7.62,1
56,56,CHEMBL25425,COc1cc2c(Nc3ccc(Cl)cc3F)ncnc2cc1OCCC1CCN(C)CC1,6.3,0
82,82,CHEMBL4107173,COC(=O)[C@@H]1C[C@@H](O)CN1CCCNC(=O)c1cc2nccc(Oc3ccc(NC(=O)Nc4cc(C)ccc4F)cc3)c2s1,7.82,1
757,757,CHEMBL2087170,O=C1Nc2ccccc2/C1=C/c1nc2ccccc2[nH]1,6.39,0
38,38,CHEMBL502835,COC(=O)c1ccc2c(c1)NC(=O)/C2=C(\Nc1ccc(N(C)C(=O)CN2CCN(C)CC2)cc1)c1ccccc1,7.47,1
302,302,CHEMBL1202477,COc1cc2c(Nc3ccc(Br)cc3F)ncnc2cc1OCCCN1CCN(C)CC1.Cl,6.26,0
883,883,CHEMBL245768,CN1CCN(CC(=O)Nc2cccc3c2Cc2c-3n[nH]c2-c2ccsc2)CC1,6.15,0
683,683,CHEMBL101253,Clc1ccc(Nc2nnc(Cc3ccncc3)c3ccccc23)cc1,6.85,1
765,765,CHEMBL4465918,O=C(CCCC(=O)N1C[C@@H](CCl)c2c1cc(O)c1ccccc21)N1C[C@@H](CCl)c2c1cc(O)c1ccccc21,5.89,0
686,686,CHEMBL425615,Cc1ccccc1NC(=O)NCc1ccc(-c2n[nH]c3c2Cc2cc(CN4CCN(C)CC4)ccc2-3)s1,4.6,0
323,323,CHEMBL1095465,COc1ccc(OC)c(Cc2cc3c(Nc4cccc(Br)c4)nc(N)nc3[nH]2)c1,4.51,0
549,549,CHEMBL3927233,Cc1ccc(F)c(NC(=O)Nc2ccc(Oc3ccnc4cc(C(=O)NCCCC(=O)O)sc34)cc2F)c1,8.15,1
576,576,CHEMBL2372108,C#CC[C@@H](NC(=O)[C@H](Cc1ccc(O)cc1)NC(=O)[C@H](Cc1ccc(O)cc1)NC(=O)[C@H](Cc1ccccc1)NC(=O)[C@H](CCSC)NC(=O)[C@H](CCC(N)=O)NC(=O)[C@H](Cc1cnc[nH]1)NC(=O)CN=[N+]=[N-])C(N)=O,4.71,0
232,232,CHEMBL3972255,COC(=O)CN(CCCNC(=O)c1cc2nccc(Oc3ccc(NC(=O)Nc4cc(C)ccc4F)c(F)c3)c2s1)CC(=O)OC,8.0,1
2,2,CHEMBL3893416,COc1cc2c(Nc3ccc(Cl)c(Cl)c3)ncnc2cc1OC[C@@H]1CO[C@H]2[C@@H]1OC[C@@H]2OC,6.0,0
247,247,CHEMBL397323,O=C(Nc1ccc(Cl)cc1)c1ccnn1CCc1ccncc1,7.01,1
679,679,CHEMBL3944753,Cc1ccc(F)c(NC(=O)Nc2ccc(Oc3ccnc4cc(C(=O)NCCCc5nn[nH]n5)sc34)cc2)c1,7.7,1
910,910,CHEMBL2220486,CNC(=O)c1cccc2cc(Oc3ccnc4cc(OCC5(N)CC5)c(OC)cc34)ccc12,8.15,1
519,519,CHEMBL3890520,CCOC(=O)N1CCN(CCNC(=O)c2cc3nccc(Oc4ccc(NC(=O)Nc5cc(C)ccc5F)c(F)c4)c3s2)CC1,7.89,1
474,474,CHEMBL3656087,Cc1ccc(F)c(NC(=O)Nc2ccc(Oc3ccnc(-c4cc(C(=O)NCCCC(=O)O)c[nH]4)c3)cc2F)c1,8.52,1
18,18,CHEMBL516635,Clc1cccc(-n2cc(-c3ccccc3NCc3ccnc4ccccc34)nn2)c1,6.77,1
369,369,CHEMBL153843,O=C(Nc1cccc(C(F)(F)F)c1)c1ccccc1NCc1ccncc1,6.89,1
78,78,CHEMBL1822792,CN(C[C@@H]1COCCO1)S(=O)(=O)Nc1ccc2ccc3ncc(-c4cnn(C)c4)cc3c(=O)c2c1,8.0,1
326,326,CHEMBL204727,Nc1c(-c2nc3ccc[nH]c-3n2)c(O)nc2ccccc12,7.66,1
701,701,CHEMBL24026,COc1cc2c(Nc3ccc(C#N)cc3F)ncnc2cc1OC/C=C/CN1CCCC1,5.41,0
786,786,CHEMBL276711,Cc1cc(C)c(/C=C2\C(=O)Nc3ccccc32)[nH]1,7.37,1
419,419,CHEMBL3355065,CNc1cc2ccc(C#CCOc3ccc(CN4CCNCC4)c(C(F)(F)F)c3)cc2cn1,7.7,1
0,0,CHEMBL3920518,CCN(CC)C(=O)c1cc2nccc(Oc3cccc(C(=O)Nc4cc(C)ccc4F)c3)c2s1,6.69,1
145,145,CHEMBL3931427,COc1cc2c(Nc3cc(Cl)c(Cl)cc3F)ncnc2cc1OC[C@@H]1CO[C@H]2[C@@H]1OC[C@@H]2OC,6.0,0
452,452,CHEMBL1079428,Cn1cnc(-c2ccccc2)c1-c1cc2c(N)ncnc2s1,4.66,0
630,630,CHEMBL5426431,COc1cc2c(Oc3ccc(NC(=O)Nc4cccc5c4oc4ccccc45)c(Cl)c3)ncnc2cc1OCCCN1CCCC1,8.08,1
55,55,CHEMBL206403,Cc1ccc(NC(=O)c2ccccc2Cn2ccc3ncnc-3c2)c(F)c1,6.31,0
340,340,CHEMBL3934134,COc1cc2c(Nc3ccc(Br)c(Cl)c3Cl)ncnc2cc1OC[C@@H]1CO[C@H]2[C@@H]1OC[C@@H]2OC,6.0,0
65,65,CHEMBL3628808,O=C(Nc1ccc(Oc2ncnc3sccc23)cc1)Nc1cccc(Br)c1,5.97,0
650,650,CHEMBL312482,c1cc(Nc2ccc3[nH]ccc3c2)c2sc(-c3ccc(CN4CCOCC4)cc3)cc2n1,8.3,1
908,908,CHEMBL606168,COc1cc(C2=C(c3c[nH]c4ccc(F)cc34)C(=O)NC2=O)cc(OC)c1OC,6.82,1
616,616,CHEMBL2348996,Cc1cc(C(=O)Nc2cccc(Oc3ccc4nc(NC(=O)C5CC5)cn4n3)c2)n(C)n1,8.13,1
589,589,CHEMBL2335377,Nc1nc(Nc2ccc(F)c(Br)c2)c2cc(CCc3ccccn3)[nH]c2n1,4.03,0
776,776,CHEMBL475704,O=C(Nc1ccc(C(F)(F)F)cc1)c1nscc1NCc1ccncc1,6.6,1
233,233,CHEMBL4171543,C=CC(=O)Nc1ccc(-c2ccc(NC(=O)Nc3cccc(Cl)c3)cc2)cn1,7.6,1
45,45,CHEMBL234203,O=C(Nc1ccc(C(F)(F)F)cc1)c1nccn1CCc1ccncc1,6.1,0
751,751,CHEMBL150315,COc1cc2ncnc(Nc3ccc(Cl)cc3F)c2cc1OC,4.85,0
492,492,CHEMBL205405,CN1CCN(c2ccc3[nH]c(-c4c(O)nc5cccnc5c4N)nc3c2)CC1,7.13,1
132,132,CHEMBL3977450,COc1cc2c(Nc3cc(Cl)c(Cl)cc3F)ncnc2cc1OC[C@H]1CN2CCOC[C@H]2CO1,7.3,1
440,440,CHEMBL380503,O=C(Nc1ccc(Oc2ccccc2)cc1)c1ccccc1Cn1ccc2ncnc-2c1,5.6,0
870,870,CHEMBL382142,FC(F)(Cl)Oc1ccc(Nc2nnc(-c3cnccc3CCc3ccncc3)o2)cc1,6.28,0
521,521,CHEMBL153843,O=C(Nc1cccc(C(F)(F)F)c1)c1ccccc1NCc1ccncc1,6.89,1
157,157,CHEMBL3932948,Cc1ccc(F)c(NC(=O)Nc2ccc(Oc3ccnc4cc(C(=O)NCCCN5CCCC(CO)C5)sc34)cc2)c1,8.52,1
654,654,CHEMBL391069,O=C(Nc1cnc2ccccc2c1)c1ccnn1CCc1ccncc1,6.42,0
300,300,CHEMBL1807467,CN1CCN(c2ccc(C(=O)Nc3cc(-c4cccc(NS(=O)(=O)c5cccc(Cl)c5)c4)n[nH]3)cc2)CC1,7.4,1
897,897,CHEMBL2006765,CCCNC(=O)c1ccc(Nc2nc(NCC(F)(F)F)c3cc[nH]c3n2)cc1,5.38,0
750,750,CHEMBL4578561,CCOc1cc2ncc(C#N)c(Nc3ccc(Cl)c(F)c3)c2cc1NC(=O)/C=C/CN(C)C,5.9,0
484,484,CHEMBL238735,Cn1cnc(NCc2ccncc2)c1C(=O)Nc1ccc(Cl)c(C(F)(F)F)c1,6.02,0
749,749,CHEMBL240456,Cn1ncc(NCc2ccncc2)c1C(=O)Nc1cccc(OC(F)(F)F)c1,5.69,0
10,10,CHEMBL4075720,CN1CCN(Cc2ccc(NC(=O)c3n[nH]cc3Nc3ncnc4sccc34)cc2)CC1,7.7,1
325,325,CHEMBL3764474,Cn1ccnc1-c1cc2c(Oc3ccc(NC(=S)NC(=O)Cc4ccccc4)cc3F)ccnc2s1,8.52,1
617,617,CHEMBL202011,O=C(Nc1cnc2ccccc2c1)c1ccccc1NCc1ccncc1,6.8,1
868,868,CHEMBL499345,Nc1nc(Nc2cccc(Br)c2)c2cc(Cc3ccccc3Cl)[nH]c2n1,4.57,0
556,556,CHEMBL3623375,CN(C)CCCNC(=O)c1csc2nc(-c3ccc(NC(=O)Nc4cc(C(C)(C)C)on4)cc3)cn12,5.55,0
359,359,CHEMBL273564,Nc1ncnc2occ(-c3ccc(NC(=O)Nc4cccc(C(F)(F)F)c4)cc3)c12,8.15,1
697,697,CHEMBL485320,Nc1nc(Nc2cccc(Br)c2)c2cc(CCc3ccccc3)[nH]c2n1,4.35,0
618,618,CHEMBL2409781,Cc1cc(C(=O)Nc2cccc(Oc3ccc4nc(NC(=O)C5CC5)sc4n3)c2)n(C)n1,7.25,1
667,667,CHEMBL535,CCN(CC)CCNC(=O)c1c(C)[nH]c(/C=C2\C(=O)Nc3ccc(F)cc32)c1C,7.82,1
401,401,CHEMBL80302,Cc1cc2cc(Nc3ncnc4cc(-c5ccccc5)sc34)ccc2[nH]1,6.85,1
22,22,CHEMBL3931623,COc1cc2c(Nc3ccc(Cl)c(Cl)c3)ncnc2cc1OC[C@H]1CN2CCC[C@H]2CO1,7.3,1
459,459,CHEMBL516645,c1ccc(-c2cn(-c3ccc4[nH]ncc4c3)nn2)c(NCc2ccncc2)c1,6.19,0
137,137,CHEMBL3986404,COc1cc2c(Nc3ccc(Cl)c(Cl)c3F)ncnc2cc1O[C@@H]1C[C@H]2OC[C@H](OC)[C@H]2O1,6.0,0
624,624,CHEMBL281872,COc1cc2c(Nc3ccc(Br)cc3F)ncnc2cc1OCCn1ccnn1,6.16,0
524,524,CHEMBL475509,O=C(Nc1cccc(OC(F)(F)F)c1)c1nscc1NCc1ccncc1,6.58,1
314,314,CHEMBL3955486,COc1cc2c(Nc3ccc(F)c(Cl)c3F)ncnc2cc1O[C@@H]1C[C@H]2OC[C@H](OC)[C@H]2O1,6.0,0
166,166,CHEMBL3660294,Cc1ccc(F)c(NC(=O)Nc2ccc(Oc3ccnc(-c4cc(C(=O)O)c[nH]4)c3)cc2)c1,8.4,1
789,789,CHEMBL150581,COc1cc2ncnc(Nc3ccccc3F)c2cc1OC,4.58,0
352,352,CHEMBL75196,Clc1ccc(Nc2nnc(Cc3ccncc3)c3ccccc23)cc1Cl,7.16,1
3,3,CHEMBL518652,CC(C)c1cccc(-n2cc(-c3ccccc3NCc3ccncc3)nn2)c1,6.89,1
802,802,CHEMBL5400860,COc1cc2c(Oc3ccc(NC(=O)Nc4ccc(-c5ccccc5)cc4)c(Cl)c3)ncnc2cc1OCCCN1CCCC1,8.51,1
277,277,CHEMBL393418,Cn1cnc(NCc2ccncc2)c1C(=O)NCc1ccc2c(c1)OCO2,6.19,0
161,161,CHEMBL3628807,O=C(Nc1ccc(Oc2ncnc3ccccc23)cc1)Nc1cccc(Br)c1,6.19,0
869,869,CHEMBL150315,COc1cc2ncnc(Nc3ccc(Cl)cc3F)c2cc1OC,4.75,0
477,477,CHEMBL2086752,COCCN1CCC(Nc2ccc3c(c2)C(=C(c2ccccc2)c2nc4ccccc4[nH]2)C(=O)N3)CC1,6.74,1
311,311,CHEMBL503074,CC(=O)Nc1nccc(/C=C/c2c(-c3ccccc3)nc3sccn23)n1,4.0,0
475,475,CHEMBL3932115,COc1cc2c(Nc3ccc(Br)c(Cl)c3)ncnc2cc1O[C@H]1CO[C@@H]2CCO[C@H]12,6.0,0
333,333,CHEMBL1076330,Cn1cnc(-c2ccccc2)c1-c1nc2c(N)ncnc2s1,5.36,0
265,265,CHEMBL3929416,Cc1ccc(F)c(NC(=O)c2cccc(Oc3ccnc4cc(C(=O)O)sc34)c2)c1,6.65,1
131,131,CHEMBL3920518,CCN(CC)C(=O)c1cc2nccc(Oc3cccc(C(=O)Nc4cc(C)ccc4F)c3)c2s1,6.69,1
585,585,CHEMBL234655,O=C(NCCCN1CCCC1=O)c1cnccc1Nc1nc(-c2cc(Br)ccc2F)nc2nccnc12,7.33,1
733,733,CHEMBL25450,COc1cc2c(Nc3c(F)cc(Cl)cc3F)ncnc2cc1OCC1CCNCC1,6.35,0
893,893,CHEMBL3964954,Cn1cc(-c2ccc3c(c2)ncn3-c2cc(NS(=O)(=O)C3CC3)cc(-c3ccc(F)cc3F)c2)cn1,7.58,1
486,486,CHEMBL1684366,C=CC[C@H](NC(=O)[C@H](CCC(N)=O)NC(=O)CNC(=O)[C@H](CCC(N)=O)NC(=O)[C@H](Cc1cnc[nH]1)NC(=O)[C@@H]1CCCN1C(=O)[C@H](CCCCN)NC(=O)[C@@H](NC(=O)[C@H](CC=C)NC(=O)[C@H](CCSC)NC(C)=O)[C@@H](C)CC)C(=O)N[C@H](C(N)=O)[C@@H](C)CC,4.21,0
842,842,CHEMBL3964605,COc1cc2c(Nc3ccc(Br)c(Cl)c3)ncnc2cc1O[C@@H]1C[C@H]2OCC3(OCCO3)[C@H]2O1,6.0,0
268,268,CHEMBL491872,Clc1ccc(-n2cc(-c3ccccc3NCc3ccncc3)nn2)cc1Cl,6.19,0
805,805,CHEMBL3890891,COC(=O)CNCCNC(=O)c1cc2nccc(Oc3ccc(NC(=O)Nc4cc(C)ccc4F)c(F)c3)c2s1,8.05,1
71,71,CHEMBL4761365,CNC(=O)c1cnc2[nH]ccc2c1N[C@@H]1CCN(Cc2ccc(Cl)cc2)[C@H](C)C1,6.97,1
648,648,CHEMBL461605,c1ccc(-c2cn(-c3ccc4ccccc4n3)nn2)c(NCc2ccncc2)c1,6.19,0
198,198,CHEMBL81375,Cc1cc2cc(Nc3ccnc4cc(-c5ccc(CN(C)CCO)cc5)sc34)ccc2[nH]1,8.52,1
34,34,CHEMBL3965868,CCOC(=O)CN1CCN(C(=O)c2cc3nccc(Oc4ccc(NC(=O)Nc5cc(C)ccc5F)c(F)c4)c3s2)CC1,7.77,1
495,495,CHEMBL434311,COc1cc2c(Nc3ccc(Cl)cc3F)ncnc2cc1OCCCCN1CCOCC1,6.52,1
293,293,CHEMBL382672,Cn1cnc(NCCc2ccc3c(c2)OCO3)c1-c1nnc(Nc2ccc(Cl)cc2)o1,5.83,0
847,847,CHEMBL392513,Cc1noc(NCc2ccncc2)c1C(=O)Nc1ccc(C(F)(F)F)cc1,6.43,0
641,641,CHEMBL5406841,COc1cc2c(Oc3ccc(NC(=O)Nc4cnn(C)c4)c(Cl)c3)ncnc2cc1OCCCN1CCCC1,7.43,1
532,532,CHEMBL1807467,CN1CCN(c2ccc(C(=O)Nc3cc(-c4cccc(NS(=O)(=O)c5cccc(Cl)c5)c4)n[nH]3)cc2)CC1,7.4,1
568,568,CHEMBL4453304,COc1cc(O)c2c(c1)-c1cccc(c1)[C@@H](O)[C@H](O)C(=O)/C=C\C[C@H](C)OC2=O,6.07,0
698,698,CHEMBL1202473,COc1cc2c(Nc3cc(O)c(C)cc3F)ncnc2cc1OCC1CCN(C)CC1.Cl,7.6,1
138,138,CHEMBL467549,O=C(c1ccccc1NCc1ccncc1)c1n[nH]c2ccccc12,5.72,0
917,917,CHEMBL453737,COc1cc2c(Oc3ccc(-c4cnc(Nc5ccc(F)cc5)n(C)c4=O)cc3F)ccnc2cc1OCCCN1CCOCC1,7.35,1
112,112,CHEMBL74850,Clc1ccc(Oc2nnc(Cc3ccncc3)c3ccccc23)cc1,7.22,1
331,331,CHEMBL502015,Nc1nc(Nc2cccc(Br)c2)c2cc(Cc3ccc4ccccc4c3)[nH]c2n1,4.82,0
364,364,CHEMBL238531,Cn1ncc(NCc2ccncc2)c1C(=O)Nc1cccc(C(F)(F)F)c1,6.12,0
732,732,CHEMBL212084,c1cn(Cc2ccc3c(c2)-c2[nH]nc(-c4ccsc4)c2C3)cn1,6.22,0
525,525,CHEMBL383334,FC(F)(F)c1cccc(Nc2nnc(-c3cccnc3CCc3ccncc3)o2)c1,6.66,1
739,739,CHEMBL2332119,NC(=O)C1=C(N)C(=O)C=C(Nc2ccccc2O)C1=O,7.75,1
273,273,CHEMBL380243,CN1CCN(Cc2ccc3c(c2)-c2n[nH]c(-c4ccc(CN(C)C(=O)Nc5ccc(Cl)cc5)s4)c2C3)CC1,7.19,1
505,505,CHEMBL498265,COC(=O)c1ccc2c(c1)NC(=O)/C2=C(\Nc1ccc(N(CCN(C)C)C(C)=O)cc1)c1ccccc1,7.46,1
185,185,CHEMBL127907,COc1cc2ncnc(Nc3cccc(O)c3)c2cc1OC,6.7,1
563,563,CHEMBL3361128,O=C1/C(=C\c2ccc(O)c(O)c2)Oc2ccccc21,5.43,0
887,887,CHEMBL3928883,COc1cc2c(Nc3ccc(Cl)c(Cl)c3)ncnc2cc1OC[C@@H]1CN2CCC[C@H]2CO1,7.3,1
397,397,CHEMBL1271533,Nc1cc(-c2cnn3cc(-c4ccc(OCCN5CCOCC5)cc4)cnc23)ccn1,7.4,1
264,264,CHEMBL392313,O=C(Nc1ccc(Oc2ccccc2)cc1)c1ccnn1CCc1ccncc1,5.28,0
360,360,CHEMBL1807469,Cc1cccc(S(=O)(=O)Nc2cccc(-c3cc(NC(=O)c4ccc(N5CCN(C)CC5)cc4)[nH]n3)c2)c1,6.85,1
760,760,CHEMBL1744347,COc1cc2c(Nc3ccc(Cl)cc3F)ncnc2cc1OCCCN1CCN(C)CC1.Cl,6.22,0
94,94,CHEMBL306295,Oc1cccc(Nc2nnc(Cc3ccncc3)c3ccccc23)c1,7.1,1
815,815,CHEMBL223360,Cc1ccc(F)c(NC(=O)Nc2ccc(-c3cccc4[nH]nc(N)c34)cc2)c1,8.52,1
345,345,CHEMBL1271642,NS(=O)(=O)c1ccc(Nc2ncc(-c3ccc(O)c(O)c3)o2)cc1,7.13,1
622,622,CHEMBL74197,Cc1cc(C)cc(Nc2nnc(Cc3ccncc3)c3ccccc23)c1,6.82,1
193,193,CHEMBL150315,COc1cc2ncnc(Nc3ccc(Cl)cc3F)c2cc1OC,4.75,0
183,183,CHEMBL3582427,N#Cc1ccc(-c2cnc3ccc(NCc4ccccc4)nn23)cc1,5.52,0
284,284,CHEMBL434311,COc1cc2c(Nc3ccc(Cl)cc3F)ncnc2cc1OCCCCN1CCOCC1,6.52,1
832,832,CHEMBL1668418,COc1cc(O)c2c(c1)/C=C/CCCC(=O)/C=C/C[C@H](C)OC2=O,4.29,0
774,774,CHEMBL370600,O=C(Nc1ccc2c(c1)OCO2)c1scnc1CCc1ccncc1,6.12,0
281,281,CHEMBL533849,COc1cc2c(Nc3ccc(Br)cc3F)ncnc2cc1OCC1CCN(C)CC1.Cl,5.8,0
763,763,CHEMBL74550,Clc1ccc(Nc2nnc(Cc3ccncc3)c3cnccc23)cc1,6.64,1
744,744,CHEMBL245968,COCCOCC(=O)Nc1cccc2c1Cc1c-2n[nH]c1-c1csc(C#CCOc2ccccc2)c1,6.87,1
437,437,CHEMBL205406,Nc1c(-c2nc3ccccc3[nH]2)c(O)nc2sccc12,6.88,1
905,905,CHEMBL205108,Nc1c(-c2nc3cc(N4CCOCC4)ccc3[nH]2)c(O)nc2cnccc12,8.4,1
421,421,CHEMBL4869059,Cc1c(NC(=O)CCN2CCCC2)c[nH]c1/C=C1\C(=O)Nc2ccc(F)cc21,6.92,1
424,424,CHEMBL2348996,Cc1cc(C(=O)Nc2cccc(Oc3ccc4nc(NC(=O)C5CC5)cn4n3)c2)n(C)n1,8.13,1
85,85,CHEMBL516243,O=C(Nc1ccc(OC(F)(F)F)cc1)c1nscc1NCc1ccncc1,5.91,0
9,9,CHEMBL383417,Nc1c(-c2nc3ccccc3[nH]2)c(=O)[nH]c2ccccc12,7.55,1
855,855,CHEMBL1202473,COc1cc2c(Nc3cc(O)c(C)cc3F)ncnc2cc1OCC1CCN(C)CC1.Cl,7.6,1
506,506,CHEMBL203003,O=C(Nc1ccc(Cl)cc1)c1ccccc1Cn1ccc2cnccc21,6.66,1
595,595,CHEMBL1956888,Nc1nc(Nc2cccc(Br)c2)c2ccn(Cc3ccccc3)c2n1,4.0,0
812,812,CHEMBL203243,CC(C)c1ccc(NC(=O)c2ccccc2Cn2ccc3cnccc32)cc1,6.27,0
182,182,CHEMBL378592,COc1ccc(Nc2nnc(-c3c(NCc4ccncc4)ncn3C)o2)cc1OC,6.23,0
531,531,CHEMBL81712,O=C(c1ccccc1)c1cc2ncnc(Nc3ccc4[nH]ccc4c3)c2s1,6.11,0
318,318,CHEMBL1289926,CNC(=O)c1ccccc1Sc1ccc2c(/C=C/c3ccccn3)n[nH]c2c1,10.0,1
254,254,CHEMBL203965,CC(C)(C)c1ccc(NC(=O)c2ccccc2Cn2ccc3cnccc32)cc1,6.12,0
150,150,CHEMBL473268,O=C(Nc1ccc(Cl)c(C(F)(F)F)c1)c1nscc1NCc1ccncc1,6.01,0
515,515,CHEMBL4088216,CN1C(=O)[C@@H](N2CCc3cn(Cc4ccccc4)nc3C2=O)COc2ccccc21,6.0,0
719,719,CHEMBL247228,Nc1ncnc2occ(-c3ccc(NC(=O)Nc4cc(C(F)(F)F)ccc4F)cc3)c12,8.11,1
327,327,CHEMBL205305,Nc1c2cnnc-2[nH]c(O)c1-c1nc2ccccc2[nH]1,6.16,0
120,120,CHEMBL3986135,COc1cc2c(Nc3ccc(Br)c(Cl)c3F)ncnc2cc1OC[C@@H]1CN2CCC[C@H]2C(=O)N1,7.3,1
903,903,CHEMBL1668420,COc1cc(O)c2c(c1)/C=C\CCCC(=O)/C=C/C[C@H](C)OC2=O,4.82,0
637,637,CHEMBL419458,Clc1ccc(Nc2nnc(Cc3ccncn3)c3ccccc23)cc1,6.12,0
101,101,CHEMBL433936,COCCOc1cc2nccc(Nc3cc(O)c(Cl)cc3F)c2cc1OC,8.52,1
643,643,CHEMBL395427,CCOC(=O)CC(=O)Nc1cccc2c1Cc1c-2n[nH]c1-c1csc(C#CCOc2ccccc2)c1,6.82,1
173,173,CHEMBL388978,CN[C@@H]1C[C@H]2O[C@@](C)([C@@H]1OC)n1c3ccccc3c3c4c(c5c6ccccc6n2c5c31)C(=O)NC4,7.46,1
287,287,CHEMBL393409,Cn1cnc(NCc2ccncc2)c1C(=O)Nc1ccc(Cc2ccccc2)cc1,5.25,0
12,12,CHEMBL234009,COc1ccc(NC(=O)c2ccnn2CCc2ccncc2)cc1OC,5.91,0
854,854,CHEMBL2367589,CC[C@H](C)[C@H](NC(=O)[C@@H]1CC(=O)NC[C@H](NC(=O)[C@H](CCSC)NC(C)=O)C(=O)N[C@@H]([C@@H](C)CC)C(=O)N[C@@H](CCCCN)C(=O)N2CCC[C@H]2C(=O)N[C@@H](Cc2cnc[nH]2)C(=O)N[C@@H](CCC(N)=O)C(=O)NCC(=O)N[C@@H](CCC(N)=O)C(=O)N1)C(N)=O,4.06,0
882,882,CHEMBL153843,O=C(Nc1cccc(C(F)(F)F)c1)c1ccccc1NCc1ccncc1,6.77,1
517,517,CHEMBL3964556,COc1cc2c(Nc3ccc(Cl)c(Cl)c3)ncnc2cc1O[C@H]1CO[C@H]2[C@@H]1OC[C@@H]2OC,6.0,0
884,884,CHEMBL212986,CN1CCN(Cc2ccc3c(c2)Cc2c(-c4ccc(CNC(=O)Nc5cccc(C(F)(F)F)c5)s4)n[nH]c2-3)CC1,6.06,0
825,825,CHEMBL381207,Cc1sc2ncnc(N)c2c1-c1ccc(NC(=O)Nc2cc(C(F)(F)F)ccc2F)cc1,6.77,1
807,807,CHEMBL312482,c1cc(Nc2ccc3[nH]ccc3c2)c2sc(-c3ccc(CN4CCOCC4)cc3)cc2n1,8.3,1
230,230,CHEMBL74848,Clc1ccc(Nc2nnc(Cc3cccnc3)c3ccccc23)cc1,5.01,0
176,176,CHEMBL5393865,COc1cc2c(Oc3ccc(NC(=O)Nc4cc(C)ccc4F)c(Cl)c3)ncnc2cc1OCCCN1CCCC1,8.99,1
129,129,CHEMBL281990,COc1cc2c(Nc3ccc(C)cc3F)ncnc2cc1OCC1CCN(C)CC1,6.3,0
657,657,CHEMBL24828,COc1cc2/c(=N/c3ccc(Br)cc3F)nc[nH]c2cc1OCC1CCN(C)CC1,7.0,1
735,735,CHEMBL203119,CC(C)c1ccc(Nc2nnc(-c3c(NCc4ccncc4)ncn3C)o2)cc1,6.11,0
332,332,CHEMBL2086729,O=C1Nc2ccccc2C1=C(c1nc2ccccc2[nH]1)c1ccc(Cl)cc1Cl,4.61,0
243,243,CHEMBL3983466,COc1cc2c(Nc3ccc(Cl)c(Cl)c3F)ncnc2cc1OC[C@@H]1CN2CCC[C@H]2C(=O)N1C,7.3,1
210,210,CHEMBL485320,Nc1nc(Nc2cccc(Br)c2)c2cc(CCc3ccccc3)[nH]c2n1,4.35,0
606,606,CHEMBL4069365,CC1(C)OCC(=O)Nc2cc(Nc3nc(NCC(F)(F)F)c4occc4n3)ccc21,5.04,0
795,795,CHEMBL382610,COc1ccc(Nc2nnc(-c3cccnc3CCc3ccncc3)o2)cc1OC,6.75,1
485,485,CHEMBL3979830,COC(=O)CNCCCNC(=O)c1cc2nccc(Oc3ccc(NC(=O)Nc4cc(C)ccc4F)c(F)c3)c2s1,7.96,1
167,167,CHEMBL391127,Cn1ncc(NCc2ccncc2)c1C(=O)Nc1ccc(Cl)c(Cl)c1,6.6,1
476,476,CHEMBL525909,COC(=O)c1ccc2c(c1)NC(=O)/C2=C(\Nc1ccc(N(CCCN(C)C)C(C)=O)cc1)c1ccccc1,7.55,1
105,105,CHEMBL3983962,COCCOC(=O)c1cc2nccc(Oc3cccc(NC(=O)c4occc4C)c3)c2s1,6.56,1
53,53,CHEMBL512862,O=C(Nc1ccc(C(F)(F)F)c(Cl)c1)c1nscc1NCc1ccncc1,5.75,0
764,764,CHEMBL153843,O=C(Nc1cccc(C(F)(F)F)c1)c1ccccc1NCc1ccncc1,6.89,1
906,906,CHEMBL477772,Cc1ccc(Nc2nccc(N(C)c3ccc4c(C)n(C)nc4c3)n2)cc1S(N)(=O)=O,8.0,1
687,687,CHEMBL306284,Clc1ccc(Nc2nnc(Cc3ccncc3)c3cccnc23)cc1,5.77,0
156,156,CHEMBL75232,Clc1ccc(Nc2nnc(Cc3ccncc3)c3ccccc23)cc1.O=C(O)CCC(=O)O,7.11,1
804,804,CHEMBL240606,Cc1noc(NCc2ccncc2)c1C(=O)Nc1ccc(Cl)c(C(F)(F)F)c1,5.49,0
819,819,CHEMBL201713,O=C(Nc1ccc(Br)cc1)c1scnc1CCc1ccncc1,5.42,0
223,223,CHEMBL2086745,CN1CCN(C(=O)c2ccc3c(c2)C(=C(c2ccccc2)c2nc4ccccc4[nH]2)C(=O)N3)CC1,5.36,0
106,106,CHEMBL2086737,O=C1Nc2cc(C(=O)O)ccc2C1=C(c1ccccc1)c1nc2ccccc2[nH]1,6.24,0
558,558,CHEMBL1807483,Cc1nc(Nc2cc(-c3cccc(NS(=O)(=O)c4ccccc4)c3)n[nH]2)cc(N2CCN(C)CC2)n1,6.51,1
578,578,CHEMBL4286029,O=C(Nc1ccc(F)cc1)c1sccc1Nc1cccc2c1OCCO2,5.72,0
107,107,CHEMBL225248,Cc1cccc(NC(=O)N(C)Cc2ccc(-c3n[nH]c4c3Cc3cc(CN5CCN(C)CC5)ccc3-4)s2)c1,5.33,0
225,225,CHEMBL75077,Clc1ccc(Nc2nnc(Cc3ccncc3)c3ncccc23)cc1,6.62,1
772,772,CHEMBL401040,Cn1ncc(NCc2ccncc2)c1C(=O)Nc1ccc(OC(F)(F)F)cc1,6.14,0
820,820,CHEMBL3890520,CCOC(=O)N1CCN(CCNC(=O)c2cc3nccc(Oc4ccc(NC(=O)Nc5cc(C)ccc5F)c(F)c4)c3s2)CC1,7.89,1
725,725,CHEMBL241466,Cn1cnc(NCCc2ccc3c(c2)OCO3)c1C(=O)Nc1ccc(C(F)(F)F)cc1,5.78,0
470,470,CHEMBL241265,Cn1ncc(NCc2ccncc2)c1C(=O)Nc1ccc(C(F)(F)F)c(Cl)c1,6.68,1
555,555,CHEMBL3945072,COc1cc2c(Nc3ccc(Cl)c(Cl)c3F)ncnc2cc1OC[C@@H]1CN2CCC[C@@H]2C(=O)N1,7.3,1
216,216,CHEMBL306707,Cc1c(Cc2ccncc2)nnc(Nc2ccc(Cl)cc2)c1C,6.58,1
307,307,CHEMBL382584,O=C(Nc1ccc(Br)cc1)c1ccccc1Cn1ccc2ncnc-2c1,6.11,0
890,890,CHEMBL502835,COC(=O)c1ccc2c(c1)NC(=O)/C2=C(\Nc1ccc(N(C)C(=O)CN2CCN(C)CC2)cc1)c1ccccc1,7.89,1
187,187,CHEMBL153843,O=C(Nc1cccc(C(F)(F)F)c1)c1ccccc1NCc1ccncc1,6.77,1
522,522,CHEMBL388978,CN[C@@H]1C[C@H]2O[C@@](C)([C@@H]1OC)n1c3ccccc3c3c4c(c5c6ccccc6n2c5c31)C(=O)NC4,7.46,1
361,361,CHEMBL3919076,Cc1ccoc1C(=O)Nc1cccc(Oc2ccnc3cc(C(=O)NCCO)sc23)c1,6.41,0
342,342,CHEMBL75232,Clc1ccc(Nc2nnc(Cc3ccncc3)c3ccccc23)cc1.O=C(O)CCC(=O)O,7.11,1
249,249,CHEMBL241668,Cn1cnc(NCc2ccncc2)c1C(=O)Nc1ccc(C(F)(F)F)cc1,5.7,0
463,463,CHEMBL2086748,CN1CCN(S(=O)(=O)c2ccc3c(c2)C(=C(c2ccccc2)c2nc4ccccc4[nH]2)C(=O)N3)CC1,5.71,0
262,262,CHEMBL240642,Cn1ncc(NCc2ccncc2)c1C(=O)Nc1ccc(Cl)cc1,5.34,0
904,904,CHEMBL2037226,Cc1ccc(NC(=O)Nc2cc(C(F)(F)F)ccc2F)cc1Nc1ccc2c(c1)NC(=O)/C2=C\c1ccc[nH]1,5.36,0
916,916,CHEMBL3986507,Cc1ccc(F)c(NC(=O)Nc2ccc(Oc3ccnc4cc(C(=O)O)sc34)cc2)c1,7.8,1
47,47,CHEMBL3951242,Cc1ccc(F)c(NC(=O)Nc2ccc(Oc3ccnc4cc(C(=O)NCCN)sc34)cc2F)c1,7.82,1
529,529,CHEMBL150315,COc1cc2ncnc(Nc3ccc(Cl)cc3F)c2cc1OC,5.7,0
103,103,CHEMBL150657,COCCOc1ccc2c(Nc3ccc(Cl)cc3F)ncnc2c1,5.82,0
202,202,CHEMBL205127,Cn1cnc(NCc2ccncc2)c1-c1nnc(Nc2ccc(Cl)c(C(F)(F)F)c2)o1,6.29,0
853,853,CHEMBL208600,CN1CCN(c2ccc3[nH]c(-c4[nH]nc5ccccc45)nc3c2)CC1,7.36,1
89,89,CHEMBL3980166,Cc1ccc(F)c(NC(=O)Nc2ccc(Oc3ccnc4cc(C(=O)NCCNC(=O)OC(C)(C)C)sc34)cc2F)c1,7.22,1
666,666,CHEMBL153843,O=C(Nc1cccc(C(F)(F)F)c1)c1ccccc1NCc1ccncc1,6.89,1
290,290,CHEMBL502015,Nc1nc(Nc2cccc(Br)c2)c2cc(Cc3ccc4ccccc4c3)[nH]c2n1,4.82,0
381,381,CHEMBL400216,Cc1ccc(NC(=O)c2c(NCc3ccncc3)cnn2C)cc1C(F)(F)F,6.18,0
580,580,CHEMBL394436,Cn1ncc(NCc2ccncc2)c1C(=O)Nc1cccc(Cl)c1,5.69,0
829,829,CHEMBL1271532,c1cc(-c2cnc3c(-c4cn[nH]c4)cnn3c2)ccc1OCCN1CCOCC1,8.4,1
234,234,CHEMBL3956820,COc1cc2c(Nc3ccc(F)c(Cl)c3F)ncnc2cc1OC[C@H]1CN2CCOC[C@H]2CO1,7.3,1
96,96,CHEMBL3890520,CCOC(=O)N1CCN(CCNC(=O)c2cc3nccc(Oc4ccc(NC(=O)Nc5cc(C)ccc5F)c(F)c4)c3s2)CC1,7.89,1
432,432,CHEMBL5409075,COc1cc2c(Oc3ccc(NC(=O)Nc4ccc(C(F)(F)F)cc4)c(F)c3)ncnc2cc1OCCCN1CCCC1,8.51,1
694,694,CHEMBL4793380,CC(C)(C)c1cc(NC(=O)Nc2ccc(Nc3ncnc4c3OCCCN4)cc2)no1,8.1,1
629,629,CHEMBL212762,CN1CCN(Cc2ccc3c(c2)Cc2c(-c4ccc(CNC(=O)Nc5ccc(C(F)(F)F)cc5)s4)n[nH]c2-3)CC1,5.38,0
219,219,CHEMBL25579,COc1cc2c(Nc3ccc(Cl)cc3F)ncnc2cc1OCCN(C)c1ccncc1,7.0,1
441,441,CHEMBL312526,Cc1cc(Cc2nnc(Nc3ccc(Cl)cc3)c3ccccc23)ccn1,6.21,0
370,370,CHEMBL150315,COc1cc2ncnc(Nc3ccc(Cl)cc3F)c2cc1OC,4.85,0
62,62,CHEMBL392934,O=C(Nc1ccc(C(F)(F)F)cc1)c1ccnn1CCc1ccncc1,6.42,0
513,513,CHEMBL3696075,NC(=O)c1c(-c2ccc(NC(=O)Nc3cc(C(F)(F)F)ccc3F)cc2)nsc1NC(=O)NCCCN1CCOCC1,7.89,1
260,260,CHEMBL3905501,COc1cc2c(Nc3ccc(Br)c(Cl)c3Cl)ncnc2cc1OC[C@@H]1CN2CCOC[C@H]2CO1,7.3,1
828,828,CHEMBL4171543,C=CC(=O)Nc1ccc(-c2ccc(NC(=O)Nc3cccc(Cl)c3)cc2)cn1,7.6,1
830,830,CHEMBL79060,Cc1cc2cc(Nc3ccnc4cc(-c5ccc(CNCCN6CCNCC6)cc5)sc34)ccc2[nH]1,8.52,1
108,108,CHEMBL378299,c1ccc2c(-c3nc4cc(N5CCC(N6CCCCC6)CC5)ccc4[nH]3)[nH]nc2c1,7.55,1
57,57,CHEMBL253969,NC(=O)c1c(OCc2c(F)cc(Br)cc2F)nsc1NC(=O)NCCCCN1CCCC1,6.91,1
235,235,CHEMBL308498,CC(C)(CO)NCc1ccc(-c2cc3ncnc(Nc4ccc5[nH]ccc5c4)c3s2)cc1,7.6,1
280,280,CHEMBL258015,CO/N=C(\C)c1ccc2c(c1)c1c3c(c4c(c1n2CC(C)C)CCc1nn(C)cc1-4)C(=O)NC3,8.1,1
25,25,CHEMBL2071457,C[C@H](NC(=O)c1cc(-c2cnn(C3CCOCC3)c2)cnc1N)c1c(Cl)ccc(F)c1Cl,5.09,0
330,330,CHEMBL502835,COC(=O)c1ccc2c(c1)NC(=O)/C2=C(\Nc1ccc(N(C)C(=O)CN2CCN(C)CC2)cc1)c1ccccc1,6.98,1
54,54,CHEMBL475709,O=C(Nc1ccc(Cl)cc1)c1nscc1NCc1ccncc1,6.6,1
728,728,CHEMBL379908,Cc1ccc(Nc2nnc(-c3c(NCc4ccncc4)ncn3C)o2)c(F)c1,6.23,0
478,478,CHEMBL2086747,COCCNS(=O)(=O)c1ccc2c(c1)C(=C(c1ccccc1)c1nc3ccccc3[nH]1)C(=O)N2,5.71,0
366,366,CHEMBL3937925,Cc1ccoc1C(=O)Nc1cccc(Oc2ccnc3cc(C(=O)NO)sc23)c1,6.56,1
438,438,CHEMBL79215,c1ccc(NCCN(c2cc3ncnc(Nc4ccc5[nH]ccc5c4)c3s2)n2cccc2)cc1,7.37,1
759,759,CHEMBL169390,Nc1ncnc2c1c(-c1cccc(O)c1)cn2C1CCCC1,6.85,1
375,375,CHEMBL469171,O=C(c1ccccc1NCc1ccc2[nH]ncc2c1)c1n[nH]c2ccccc12,6.34,0
856,856,CHEMBL394204,Cc1ccc(NC(=O)c2c(NCc3ccncc3)ncn2C)cc1C(F)(F)F,6.47,0
261,261,CHEMBL209421,Cc1ccccc1NC(=O)N(C)Cc1ccc(-c2[nH]nc3c2Cc2cc(CN4CCN(C)CC4)ccc2-3)s1,5.3,0
39,39,CHEMBL1095465,COc1ccc(OC)c(Cc2cc3c(Nc4cccc(Br)c4)nc(N)nc3[nH]2)c1,4.34,0
614,614,CHEMBL79060,Cc1cc2cc(Nc3ccnc4cc(-c5ccc(CNCCN6CCNCC6)cc5)sc34)ccc2[nH]1,8.52,1
577,577,CHEMBL406381,CCCNC(=O)Nc1ccc(Oc2ncnc3cc(OC)c(OC)cc23)cc1Cl,6.77,1
104,104,CHEMBL4213341,Cc1c2ccc(N(C)c3ccnc(Nc4ccc(C(=O)Nc5ccccc5N)cc4)n3)cc2nn1C,7.66,1
647,647,CHEMBL247790,Nc1ncnc2occ(-c3ccc(NC(=O)Nc4cccc(Oc5ccccc5)c4)cc3)c12,5.76,0
414,414,CHEMBL499891,Nc1nccc(/C=C/c2c(-c3ccccc3)ncn2Cc2ccccc2)n1,4.51,0
850,850,CHEMBL3979830,COC(=O)CNCCCNC(=O)c1cc2nccc(Oc3ccc(NC(=O)Nc4cc(C)ccc4F)c(F)c3)c2s1,8.1,1
337,337,CHEMBL2086725,O=C1Nc2ccccc2C1=C(c1cccc(F)c1)c1nc2ccccc2[nH]1,6.28,0
836,836,CHEMBL203056,Cn1cnc(NCc2ccncc2)c1-c1nnc(Nc2ccc(Cl)cc2)o1,6.47,0
282,282,CHEMBL383299,Nc1c2ncnc-2[nH]c(O)c1-c1nc2ccccc2[nH]1,6.22,0
796,796,CHEMBL392331,Cc1cc(C(=O)Nc2ccc(OC(F)(F)F)cc2)n(CCc2ccncc2)n1,5.65,0
843,843,CHEMBL209919,Cc1cc(C)cc(NC(=O)NCc2ccc(-c3n[nH]c4c3Cc3cc(CN5CCN(C)CC5)ccc3-4)s2)c1,5.78,0
597,597,CHEMBL509032,COc1cc(N2CCC(N3CCN(C)CC3)CC2)ccc1Nc1ncc(Cl)c(Nc2ccccc2S(=O)(=O)C(C)C)n1,6.06,0
122,122,CHEMBL380702,Nc1c(-c2nc3ccc(N4CCOCC4)[nH]c-3n2)c(O)nc2ccccc12,8.0,1
188,188,CHEMBL3904954,Cc1ccc(F)c(NC(=O)Nc2ccc(Oc3ccnc4cc(C(=O)NCCCN5CCOC(CO)C5)sc34)cc2)c1,7.82,1
862,862,CHEMBL4160854,Nc1n[nH]c2cccc(-c3ccc(NC(=S)Nc4cc(Br)ccc4OC(F)(F)F)cc3)c12,7.64,1
609,609,CHEMBL247585,O=C(Nc1cccc2c1Cc1c-2n[nH]c1-c1ccsc1)c1ccccc1,7.3,1
134,134,CHEMBL202805,Cc1cccc(NC(=O)c2ccccc2Cn2ccc3cnccc32)c1,6.13,0
651,651,CHEMBL490968,FC(F)(F)c1cccc(-n2cc(-c3ccccc3NCc3ccncc3)nn2)c1,7.18,1
631,631,CHEMBL498266,COC(=O)c1ccc2c(c1)NC(=O)/C2=C(\Nc1ccc(N(CCN(C)C)S(C)(=O)=O)cc1)c1ccccc1,7.16,1
155,155,CHEMBL346200,COc1cc2ncnc(Nc3ccc(F)cc3F)c2cc1OC,4.66,0
471,471,CHEMBL391671,Cc1noc(NCc2ccncc2)c1C(=O)Nc1cccc(OC(F)(F)F)c1,5.25,0
348,348,CHEMBL522133,FC(F)(F)c1cc(-n2cc(-c3ccccc3NCc3ccncc3)nn2)ccc1Cl,6.29,0
346,346,CHEMBL443921,O=C(NC1=CC2C=NNC2C=C1)c1nscc1NCc1ccncc1,5.96,0
77,77,CHEMBL141247,O=C(Nc1ccccn1)Nc1cccc2c1[C@H]1CCCN1C2=O,5.55,0
84,84,CHEMBL3948737,CCN(CC)C(=O)c1cc2nccc(Oc3cccc(NC(=O)c4occc4C)c3)c2s1,6.37,0
464,464,CHEMBL150315,COc1cc2ncnc(Nc3ccc(Cl)cc3F)c2cc1OC,5.7,0
881,881,CHEMBL462315,O=C(NCc1ccc2c(c1)OCO2)c1nscc1NCc1ccncc1,6.16,0
256,256,CHEMBL433936,COCCOc1cc2nccc(Nc3cc(O)c(Cl)cc3F)c2cc1OC,8.52,1
462,462,CHEMBL206410,Oc1nc2cnccc2c(O)c1-c1nc2ccccc2[nH]1,6.74,1
516,516,CHEMBL377400,Cc1cccc(NC(=O)N(Cc2ccc(-c3[nH]nc4c3Cc3cc(CN5CCN(C)CC5)ccc3-4)s2)C(C)C)c1,5.55,0
723,723,CHEMBL460191,Cc1ccc(NC(=O)c2nscc2NCc2ccncc2)c(F)c1,5.6,0
288,288,CHEMBL421329,CCCNC(=O)c1cc2ncnc(Nc3ccc4[nH]ccc4c3)c2s1,5.7,0
681,681,CHEMBL240209,Cn1ncc(NCc2ccncc2)c1C(=O)Nc1ccc(C(F)(F)F)c(C(F)(F)F)c1,6.08,0
227,227,CHEMBL205406,Nc1c(-c2nc3ccccc3[nH]2)c(O)nc2sccc12,6.88,1
217,217,CHEMBL3910242,Cc1ccc(F)c(NC(=O)Nc2ccc(Oc3ccnc4cc(C(=O)NCCCN5CCC(O)CC5)sc34)cc2F)c1,8.1,1
467,467,CHEMBL490968,FC(F)(F)c1cccc(-n2cc(-c3ccccc3NCc3ccncc3)nn2)c1,7.18,1
336,336,CHEMBL238521,Cn1cnc(NCc2ccncc2)c1C(=O)Nc1ccc(Cl)cc1,6.6,1
394,394,CHEMBL2086726,O=C1Nc2ccccc2C1=C(c1cc(F)cc(F)c1)c1nc2ccccc2[nH]1,5.59,0
398,398,CHEMBL3955359,COc1cc2c(Nc3cccc(Cl)c3F)ncnc2cc1O[C@H]1CO[C@H]2[C@@H]1OC[C@@H]2OC,6.0,0
768,768,CHEMBL286160,COCCOc1cc2ncnc(Nc3ccc(Cl)cc3F)c2cc1OC,6.4,0
241,241,CHEMBL5414550,COc1cc2c(Oc3ccc(NC(=O)NC4CCC4)c(Cl)c3)ncnc2cc1OCCCN1CCCC1,8.13,1
206,206,CHEMBL205108,Nc1c(-c2nc3cc(N4CCOCC4)ccc3[nH]2)c(O)nc2cnccc12,8.4,1
496,496,CHEMBL212987,Cc1cccc(N(C)C(=O)N(C)Cc2ccc(-c3[nH]nc4c3Cc3cc(CN5CCN(C)CC5)ccc3-4)s2)c1,4.55,0
503,503,CHEMBL3582441,O=C(O)CN1CCN(c2cc(-c3cnc4ccc(N5CCC[C@@H]5c5cccc(F)c5)nn34)ccn2)CC1,5.58,0
172,172,CHEMBL212932,CN1CCN(Cc2ccc3c(c2)-c2n[nH]c(-c4ccc(CN(C)C(=O)Nc5ccc(OC(F)(F)F)cc5)s4)c2C3)CC1,7.6,1
468,468,CHEMBL524322,Nc1nccc(/C=C/c2c(-c3ccccc3)nc3n2CCS3)n1,4.64,0
659,659,CHEMBL2206666,O=C(Nc1cccc(Oc2ccc3nccn3n2)c1)c1cccc(C(F)(F)F)c1,8.08,1
729,729,CHEMBL474538,Nc1nc(Nc2cccc(Br)c2)c2cc(Cc3cccc4ccccc34)[nH]c2n1,4.72,0
567,567,CHEMBL380932,CC(C)(C)c1ccc(NC(=O)c2ccccc2Cn2ccc3ncnc-3c2)cc1,6.21,0
891,891,CHEMBL3656087,Cc1ccc(F)c(NC(=O)Nc2ccc(Oc3ccnc(-c4cc(C(=O)NCCCC(=O)O)c[nH]4)c3)cc2F)c1,8.52,1
266,266,CHEMBL475709,O=C(Nc1ccc(Cl)cc1)c1nscc1NCc1ccncc1,6.6,1
73,73,CHEMBL5393865,COc1cc2c(Oc3ccc(NC(=O)Nc4cc(C)ccc4F)c(Cl)c3)ncnc2cc1OCCCN1CCCC1,8.99,1
455,455,CHEMBL406381,CCCNC(=O)Nc1ccc(Oc2ncnc3cc(OC)c(OC)cc23)cc1Cl,9.0,1
147,147,CHEMBL203731,Cn1cnc(NCc2ccncc2)c1-c1nnc(Nc2ccc(C(C)(C)C)cc2)o1,6.05,0
133,133,CHEMBL498088,COC(=O)c1ccc2c(c1)NC(=O)/C2=C(\Nc1ccc(N(CC(=O)N(C)C)C(C)=O)cc1)c1ccccc1,7.21,1
70,70,CHEMBL399914,CC(C)C[C@@H]1NC(=O)NC(=O)[C@@H]2CCCN2C(=O)[C@H](CCC(=O)O)NC(=O)[C@H](CC(=O)O)NC(=O)[C@H](Cc2ccc(O)cc2)NC(=O)[C@H](Cc2ccccc2)Nn2cc(nn2)C[C@@H](C(N)=O)NC(=O)[C@H](CCC(=O)O)NC1=O,4.03,0
175,175,CHEMBL1289494,COc1cc2nccc(Oc3ccc(NC(=O)Nc4cc(C)on4)c(Cl)c3)c2cc1OC,8.2,1
871,871,CHEMBL241313,Cn1ncc(NCc2ccncc2)c1C(=O)Nc1cc(C(F)(F)F)cc(C(F)(F)F)c1,5.95,0
859,859,CHEMBL312678,CNc1ccc(Nc2ncnc3cc(-c4ccccc4)sc23)cc1,6.72,1
692,692,CHEMBL26050,COc1cc2c(Nc3ccc(Cl)cc3F)ncnc2cc1OC1CCN(C)CC1,5.82,0
878,878,CHEMBL202714,O=C(Nc1ccc(Cl)c(Cl)c1)c1scnc1CCc1cnoc1,5.27,0
602,602,CHEMBL381293,FC(F)(F)Oc1cccc(Nc2nnc(-c3cnccc3CCc3ccncc3)o2)c1,6.13,0
190,190,CHEMBL312753,OCc1ccc(-c2cc3ncnc(Nc4ccc5[nH]ccc5c4)c3s2)cc1,7.25,1
545,545,CHEMBL5280119,Nc1cc(Oc2ccc3c(C(=O)Nc4ccc(F)c(C(F)(F)F)c4)cccc3c2)ncn1,6.48,0
465,465,CHEMBL3939959,Cc1ccc(F)c(NC(=O)Nc2ccc(Oc3ccnc4cc(C(=O)NCCCN5CCCC5)sc34)cc2)c1,7.8,1
409,409,CHEMBL517399,O=C(Nc1cccc(Br)c1)c1nscc1NCc1ccnc2ccccc12,6.48,0
428,428,CHEMBL2087167,CCN1CCC(Nc2ccc3c(c2)C(=C(c2cccc(F)c2)c2nc(C)c[nH]2)C(=O)N3)CC1,7.7,1
655,655,CHEMBL3900059,COc1cc2c(Nc3ccc(Cl)c(Cl)c3F)ncnc2cc1OC[C@@H]1CN2CCCC[C@@H]2C(=O)N1,7.3,1
625,625,CHEMBL24137,COc1cc2c(Nc3ccc(Cl)cc3F)ncnc2cc1OCCCN1CCOCC1,6.7,1
584,584,CHEMBL1684372,CC[C@H](C)[C@H](NC(=O)[C@@H]1CCCC[C@H](NC(=O)[C@H](CCSC)NC(C)=O)C(=O)N[C@@H]([C@@H](C)CC)C(=O)N[C@H](CCCCN)C(=O)N2CCC[C@H]2C(=O)N[C@@H](Cc2cnc[nH]2)C(=O)NCC(=O)N[C@@H](CCC(N)=O)C(=O)N1)C(N)=O,4.04,0
596,596,CHEMBL4287524,O=C(Nc1ccc(F)cc1)c1sccc1Nc1cccc2c1OCO2,5.6,0
603,603,CHEMBL1336,CNC(=O)c1cc(Oc2ccc(NC(=O)Nc3ccc(Cl)c(C(F)(F)F)c3)cc2)ccn1,6.4,0
754,754,CHEMBL208363,FC(F)(F)c1ccc(Nc2nnc(-c3ccncc3CCc3ccncc3)o2)cc1,6.08,0
295,295,CHEMBL2004290,COc1ccc(NC(=O)Nc2ccc(-c3csc4c(-c5cnn(CC(C)(C)O)c5)cnc(N)c34)cc2)cc1,8.37,1
368,368,CHEMBL2086728,O=C1Nc2ccccc2C1=C(c1ccc(C(F)(F)F)cc1)c1nc2ccccc2[nH]1,4.62,0
548,548,CHEMBL241669,Cn1cnc(NCc2ccncc2)c1C(=O)Nc1cccc(OC(F)(F)F)c1,6.12,0
766,766,CHEMBL79215,c1ccc(NCCN(c2cc3ncnc(Nc4ccc5[nH]ccc5c4)c3s2)n2cccc2)cc1,7.37,1
221,221,CHEMBL205413,O=C(Nc1ccc(OC(F)(F)Cl)cc1)c1ccccc1Cn1ccc2ncnc-2c1,5.94,0
207,207,CHEMBL1271480,O=c1ccc(-c2cnn3cc(-c4ccc(OCCN5CCOCC5)cc4)cnc23)c[nH]1,6.33,0
144,144,CHEMBL392789,Cc1ccc(NC(=O)c2c(NCc3ccncc3)ncn2C)c(F)c1,6.08,0
253,253,CHEMBL213270,COCCN(Cc1ccc(-c2[nH]nc3c2Cc2cc(CN4CCN(C)CC4)ccc2-3)s1)C(=O)Nc1cccc(C)c1,5.64,0
252,252,CHEMBL2086758,CCN1CCC(Nc2ccc3c(c2)C(=C(c2ccccc2)c2ncc[nH]2)C(=O)N3)CC1,6.78,1
791,791,CHEMBL2409781,Cc1cc(C(=O)Nc2cccc(Oc3ccc4nc(NC(=O)C5CC5)sc4n3)c2)n(C)n1,7.25,1
289,289,CHEMBL205984,O=C(Nc1ccc(Cl)c(Cl)c1)c1ccccc1Cn1ccc2ncnc-2c1,6.58,1
866,866,CHEMBL203167,O=C(Nc1ccc2c(c1)OCO2)c1ccccc1Cn1ccc2ncnc-2c1,6.44,0
436,436,CHEMBL3924998,COc1cc2c(Nc3ccc(Br)c(Cl)c3Cl)ncnc2cc1OC[C@@H]1CN2CCC[C@H]2CO1,7.3,1
142,142,CHEMBL276711,Cc1cc(C)c(/C=C2\C(=O)Nc3ccccc32)[nH]1,5.52,0
645,645,CHEMBL1934327,CN1CCC(COc2ccc3c(Nc4ccc(NC(=O)Nc5cccc(F)c5)cc4)ncnc3c2)CC1,5.72,0
546,546,CHEMBL377995,CC(C)c1ccc(Nc2nnc(-c3cccnc3CCc3ccncc3)o2)cc1,6.21,0
275,275,CHEMBL3919145,COc1cc2c(Nc3ccc(Cl)c(Cl)c3)ncnc2cc1O[C@@H]1C[C@H]2OC[C@H](OC)[C@H]2O1,6.0,0
285,285,CHEMBL240406,Cc1noc(NCc2ccncc2)c1C(=O)Nc1cnc2ccccc2c1,6.03,0
26,26,CHEMBL2086397,COCCNC(=O)c1ccc2c(c1)C(=C(c1ccccc1)c1nc3ccccc3[nH]1)C(=O)N2,6.42,0
149,149,CHEMBL526925,Cn1cnc(-c2ccccc2)c1/C=C/c1ccnc(N)n1,4.47,0
761,761,CHEMBL379674,O=C(Nc1ccc(OC(F)(F)Cl)cc1)c1scnc1CCc1ccncc1,6.12,0
91,91,CHEMBL1907944,COc1cc2c(Nc3ccc(Br)cc3F)ncnc2cc1OC[C@H]1CCCN(C)C1,6.3,0
593,593,CHEMBL4634073,COC(=O)Nc1ccc(-c2c(OC3CCN(C)CC3)nc3c(-c4ccc(OC)c(OC)c4)cnn3c2N)cc1,5.52,0
211,211,CHEMBL203149,O=C(Nc1ccc(Cl)cc1)c1scnc1CCc1ccnc2ccccc12,5.16,0
388,388,CHEMBL5436823,CCCCNC(=O)Nc1ccc(Oc2ncnc3cc(OCCCN4CCCC4)c(OC)cc23)cc1Cl,8.54,1
81,81,CHEMBL2086727,O=C1Nc2ccccc2C1=C(c1nc2ccccc2[nH]1)c1ccc(F)cc1F,5.75,0
444,444,CHEMBL3934424,CCN(CC)CCCNC(=O)c1cc2nccc(Oc3ccc(NC(=O)Nc4cc(C)ccc4F)cc3)c2s1,7.92,1
222,222,CHEMBL238529,COc1ccc(NC(=O)c2c(NCc3ccncc3)ncn2C)cc1OC,6.68,1
246,246,CHEMBL5395547,COc1cc2c(Oc3ccc(NC(=O)NCc4ccc(C#N)cc4)c(Cl)c3)ncnc2cc1OCCCN1CCCC1,7.64,1
196,196,CHEMBL5396911,COc1cc2c(Oc3ccc(NC(=O)Nc4ccccc4F)c(Cl)c3)ncnc2cc1OCCCN1CCCC1,8.05,1
205,205,CHEMBL3656096,Cc1cccc(NC(=O)Nc2ccc(Oc3ccnc(-c4cc(C(=O)O)c[nH]4)c3)cc2F)c1,8.52,1
19,19,CHEMBL1095130,Nc1nc(Nc2ccc(Cl)cc2F)c2cc(Cc3ccc(Cl)cc3Cl)[nH]c2n1,4.15,0
661,661,CHEMBL150315,COc1cc2ncnc(Nc3ccc(Cl)cc3F)c2cc1OC,4.75,0
730,730,CHEMBL201906,CC(C)c1ccc(NC(=O)c2scnc2CCc2ccncc2)cc1,6.08,0
889,889,CHEMBL1254007,Cn1ccc2ncnc(Oc3ccc(NC(=O)Nc4cccc(C(F)(F)F)c4)c(F)c3)c21,7.82,1
833,833,CHEMBL378024,CC(C)(C)NC(=O)Nc1ccc2[nH]nc(-c3nc4cc(N5CCC(N6CCCCC6)CC5)ccc4[nH]3)c2c1,9.0,1
458,458,CHEMBL572881,CC1(C)CNc2cc(NC(=O)c3cccnc3NCc3ccncc3)ccc21,8.7,1
184,184,CHEMBL2086723,Cc1ccc(C(=C2C(=O)Nc3ccccc32)c2nc3ccccc3[nH]2)cc1,6.22,0
242,242,CHEMBL1907764,COc1cc2c(Nc3ccc(Br)cc3F)ncnc2cc1OC[C@@H]1CCCN(C)C1,6.3,0
860,860,CHEMBL2086746,CCCCNS(=O)(=O)c1ccc2c(c1)C(=C(c1ccccc1)c1nc3ccccc3[nH]1)C(=O)N2,4.61,0
8,8,CHEMBL205884,Cn1cnc(NCc2ccncc2)c1-c1nnc(Nc2ccc(OC(F)(F)Cl)cc2)o1,6.34,0
69,69,CHEMBL1684376,C=CC[C@H](NC(=O)[C@H](Cc1cnc[nH]1)NC(=O)[C@H](CCC(N)=O)NC(=O)CNC(=O)[C@H](CCC(N)=O)NC(=O)[C@H](Cc1cnc[nH]1)NC(=O)[C@@H]1CCCN1C(=O)[C@H](CCCCN)NC(=O)[C@@H](NC(=O)[C@H](CCCNC(=N)N)NC(=O)[C@H](CC=C)NC(C)=O)[C@@H](C)CC)C(N)=O,4.0,0
50,50,CHEMBL204099,CC(C)c1ccc(NC(=O)c2ccccc2Cn2ccc3ncnc-3c2)cc1,6.36,0
875,875,CHEMBL2063332,Cc1cc(COC(=O)NCc2ccc(-c3cc(NC(=O)c4ccc(OCCN5CCCC5)cc4)[nH]n3)cc2)no1,6.23,0
148,148,CHEMBL5401823,COc1cc2c(Oc3ccc(NC(=O)Nc4cnn(C(C)C)c4)c(F)c3)ncnc2cc1OCc1ccccc1,7.46,1
24,24,CHEMBL2086749,CCN1CCC(Oc2ccc3c(c2)C(=C(c2ccccc2)c2nc4cc(OC)ccc4[nH]2)C(=O)N3)CC1,6.16,0
350,350,CHEMBL201659,CC(C)c1ccc(NC(=O)c2scnc2CCc2cnoc2)cc1,5.19,0
653,653,CHEMBL2063326,O=C(NCc1ccc(-c2cc(NC(=O)c3ccc(OCCN4CCOCC4)cc3)[nH]n2)cc1)OCc1ccccc1,6.43,0
777,777,CHEMBL74143,Nc1ccc2c(Cc3ccncc3)nnc(Nc3ccc(Cl)cc3)c2c1,6.19,0
49,49,CHEMBL3908311,COc1cc2c(Nc3cc(Cl)c(Cl)cc3F)ncnc2cc1OC[C@@H]1CN2CCOC[C@H]2CO1,7.3,1
635,635,CHEMBL491681,FC(F)(F)Oc1ccc(-n2cc(-c3ccccc3NCc3ccncc3)nn2)cc1,5.95,0
11,11,CHEMBL150315,COc1cc2ncnc(Nc3ccc(Cl)cc3F)c2cc1OC,4.85,0
215,215,CHEMBL391184,COc1ccc(F)c(NC(=O)Nc2ccc(-c3coc4ncnc(N)c34)cc2)c1,6.48,0
426,426,CHEMBL205463,Cn1cnc(NCc2ccncc2)c1-c1nnc(Nc2ccc(Br)cc2)o1,5.83,0
42,42,CHEMBL383261,Cn1ncc2c(N)c(-c3nc4ccccc4[nH]3)c(O)nc21,5.37,0
769,769,CHEMBL241492,Cc1noc(NCc2ccncc2)c1C(=O)Nc1cccc(C(F)(F)F)c1,5.81,0
321,321,CHEMBL3895424,COc1cc2c(Nc3ccc(Br)c(Cl)c3Cl)ncnc2cc1O[C@@H]1C[C@H]2OC[C@H](OC)[C@H]2O1,6.0,0
557,557,CHEMBL2208034,O=C(Nc1ccc(-c2ccnc(Nc3ccc(N4CCOCC4)cc3)n2)cc1)[C@H]1CCCN1,6.04,0
675,675,CHEMBL214161,Cc1cccc(NC(=O)NCc2ccc(-c3n[nH]c4c3Cc3ccc(CN5CCN(C)CC5)cc3-4)s2)c1,6.23,0
553,553,CHEMBL475704,O=C(Nc1ccc(C(F)(F)F)cc1)c1nscc1NCc1ccncc1,6.6,1
605,605,CHEMBL502803,CC(Nc1nccc(/C=C/c2c(-c3ccccc3)nc3sccn23)n1)c1ccccc1,4.08,0
627,627,CHEMBL150315,COc1cc2ncnc(Nc3ccc(Cl)cc3F)c2cc1OC,4.85,0
17,17,CHEMBL258015,CO/N=C(\C)c1ccc2c(c1)c1c3c(c4c(c1n2CC(C)C)CCc1nn(C)cc1-4)C(=O)NC3,8.1,1
379,379,CHEMBL80164,Cc1cc2cc(Nc3ccnc4cc(-c5ccc(CNCCO)cc5)sc34)ccc2[nH]1,8.4,1
841,841,CHEMBL404367,Cc1cccc(NC(=O)Nc2ccc(-c3cncc4c3c(N)nn4C)cc2)c1,8.15,1
588,588,CHEMBL215948,CN1CCN(Cc2ccc3c(c2)-c2n[nH]c(-c4ccc(CN(C)C(=O)Nc5ccc(Cl)c(Cl)c5)s4)c2C3)CC1,7.44,1
236,236,CHEMBL212054,Fc1ccc2c(-c3nc4cc(N5CCC(N6CCCCC6)CC5)ccc4[nH]3)[nH]nc2c1,8.0,1
180,180,CHEMBL246546,OCCNCc1cccc2c1Cc1c-2n[nH]c1-c1ccsc1,6.57,1
494,494,CHEMBL2086735,O=C1Nc2c(Br)cccc2C1=C(c1ccccc1)c1nc2ccccc2[nH]1,5.31,0
677,677,CHEMBL1289926,CNC(=O)c1ccccc1Sc1ccc2c(/C=C/c3ccccn3)n[nH]c2c1,10.0,1
839,839,CHEMBL3924380,COc1cc2c(Nc3cc(Cl)c(Cl)cc3F)ncnc2cc1O[C@@H]1C[C@H]2OC[C@H](OC)[C@H]2O1,6.0,0
738,738,CHEMBL380536,FC(F)(F)Oc1ccc(Nc2nnc(-c3cccnc3CCc3ccncc3)o2)cc1,6.25,0
135,135,CHEMBL3656037,CCNC(=O)c1c[nH]c(-c2cc(Oc3cccc(C(=O)Nc4occc4C)c3)ccn2)c1,7.82,1
696,696,CHEMBL4109002,COC(=O)[C@@H]1C[C@@H](O)CN1CCCNC(=O)c1cc2nccc(Oc3ccc(NC(=O)Nc4cc(C)ccc4F)c(F)c3)c2s1,8.1,1
4,4,CHEMBL3628799,O=C(Nc1ccc(Nc2ncnc3sc4c(c23)CCCC4)cc1)Nc1cccc(Br)c1,5.15,0
450,450,CHEMBL1946170,CNC(=O)c1cc(Oc2ccc(NC(=O)Nc3ccc(Cl)c(C(F)(F)F)c3)c(F)c2)ccn1,7.89,1
315,315,CHEMBL238734,Cn1cnc(NCc2ccncc2)c1C(=O)Nc1ccc2cn[nH]c2c1,5.24,0
48,48,CHEMBL388978,CN[C@@H]1C[C@H]2O[C@@](C)([C@@H]1OC)n1c3ccccc3c3c4c(c5c6ccccc6n2c5c31)C(=O)NC4,7.46,1
218,218,CHEMBL213507,Cc1cccc(NC(=O)NCc2ccc(-c3n[nH]c4c3Cc3cc(CN5CCN(C)CC5)ccc3-4)s2)c1,5.54,0
633,633,CHEMBL245362,CCCC(=O)Nc1cccc2c1Cc1c-2n[nH]c1-c1ccsc1,6.54,1
297,297,CHEMBL309331,c1ccc(-c2ccc(Nc3nnc(Cc4ccncc4)c4ccccc34)cc2)cc1,6.64,1
702,702,CHEMBL3621294,O=C(CCCCCCC(=O)Nc1ccc2c(c1)/C(=C/c1ccc[nH]1)C(=O)N2)NO,6.44,0
391,391,CHEMBL4097778,CN1C(=O)[C@@H](N2CCc3cn(CC4CCS(=O)(=O)CC4)nc3C2=O)COc2ccccc21,6.0,0
570,570,CHEMBL2409778,Cc1cc(C(=O)Nc2cc(Oc3ccc4nc(NC(=O)C5CC5)nn4c3)ccc2F)n(C)n1,8.44,1
787,787,CHEMBL415047,Cc1ccc(NC(=O)NCc2ccc(-c3n[nH]c4c3Cc3cc(CN5CCN(C)CC5)ccc3-4)s2)cc1,4.94,0
542,542,CHEMBL2086752,COCCN1CCC(Nc2ccc3c(c2)C(=C(c2ccccc2)c2nc4ccccc4[nH]2)C(=O)N3)CC1,6.74,1
309,309,CHEMBL3959774,COc1cc2c(Nc3ccc(Cl)c(Cl)c3F)ncnc2cc1OC[C@@H]1CN2CCC[C@H]2CO1,7.3,1
541,541,CHEMBL4287524,O=C(Nc1ccc(F)cc1)c1sccc1Nc1cccc2c1OCO2,5.6,0
32,32,CHEMBL3426917,[2H]C([2H])([2H])Oc1cc2nccc(Oc3ccc(NC(=O)Nc4cc(C)on4)c(Cl)c3)c2cc1OC([2H])([2H])[2H],7.95,1
691,691,CHEMBL276711,Cc1cc(C)c(/C=C2\C(=O)Nc3ccccc32)[nH]1,8.1,1
153,153,CHEMBL1852688,CCN1CCN(c2ccc(Nc3cc(N(C)C(=O)Nc4c(Cl)c(OC)cc(OC)c4Cl)ncn3)cc2)CC1,5.82,0
425,425,CHEMBL396144,Cn1cnc(NCc2ccncc2)c1C(=O)Nc1cccc(Cl)c1,5.69,0
695,695,CHEMBL501444,Clc1nccc(/C=C/c2c(-c3ccccc3)nc3sccn23)n1,4.18,0
915,915,CHEMBL306732,CN(C)c1ccc(Nc2ncnc3cc(-c4ccccc4)sc23)cc1,6.3,0
783,783,CHEMBL4103605,Cc1cccc(NC(=O)Nc2ccc(-c3ccnc4[nH]nc(C)c34)cc2)c1,5.46,0
79,79,CHEMBL153843,O=C(Nc1cccc(C(F)(F)F)c1)c1ccccc1NCc1ccncc1,6.77,1
143,143,CHEMBL1929555,Nc1nc(Nc2ccc(Cl)cc2)c2cc(Cc3cccc4ccccc34)[nH]c2n1,4.51,0
110,110,CHEMBL147192,COc1cc2c(Nc3ccc(Cl)cc3F)ncnc2cc1OCCn1ccnc1,7.0,1
357,357,CHEMBL499864,Cn1cnc(-c2ccccc2)c1C#Cc1ccnc(N)n1,4.44,0
663,663,CHEMBL2086721,Cc1ccccc1C(=C1C(=O)Nc2ccccc21)c1nc2ccccc2[nH]1,6.21,0
60,60,CHEMBL1946170,CNC(=O)c1cc(Oc2ccc(NC(=O)Nc3ccc(Cl)c(C(F)(F)F)c3)c(F)c2)ccn1,7.89,1
498,498,CHEMBL491473,COc1cc2c(Oc3ccc4[nH]c(C)cc4c3F)ncnc2cc1OCCCN1CCCC1,8.3,1
755,755,CHEMBL3943570,COc1cc2c(Nc3ccc(Cl)c(Cl)c3)ncnc2cc1OCC1CN2CCOCC2CO1,7.3,1
560,560,CHEMBL2086738,O=C1Nc2c(C(=O)O)cccc2C1=C(c1ccccc1)c1nc2ccccc2[nH]1,4.68,0
564,564,CHEMBL389147,CC(C)C[C@@H]1NC(=O)CNC(=O)[C@H](CCC(=O)O)NC(=O)[C@H](CC(=O)O)NC(=O)[C@H](Cc2ccc(O)cc2)NC(=O)[C@H](Cc2ccc(O)cc2)NC(=O)CC[C@@H](C(N)=O)NC(=O)[C@H](CCC(=O)O)NC1=O,4.64,0
6,6,CHEMBL4092853,CSCC[C@@H]1NC(=O)[C@H](CC(C)C)NC(=O)[C@H](CCC(=O)O)NC(=O)[C@H](C(C)C)NC(=O)[C@H]([C@@H](C)O)NC(=O)[C@@H](NC(C)=O)CSSC[C@@H](C(N)=O)NC(=O)[C@@H]2CCCN2C(=O)[C@H](C(C)C)NC(=O)[C@H](CC(C)C)NC(=O)[C@H](CCC(N)=O)NC(=O)[C@H](CCCCN)NC(=O)[C@H](C)NC(=O)[C@H](C(C)C)NC(=O)[C@H]([C@@H](C)O)NC(=O)CNC1=O,4.98,0
608,608,CHEMBL393862,O=C(O)C1CCN(C(=O)c2cccc3c2Cc2c-3n[nH]c2-c2ccsc2)CC1,5.46,0
433,433,CHEMBL2220486,CNC(=O)c1cccc2cc(Oc3ccnc4cc(OCC5(N)CC5)c(OC)cc34)ccc12,8.15,1
31,31,CHEMBL502835,COC(=O)c1ccc2c(c1)NC(=O)/C2=C(\Nc1ccc(N(C)C(=O)CN2CCN(C)CC2)cc1)c1ccccc1,7.47,1
731,731,CHEMBL4080062,O=C(Nc1cccc(C(F)(F)F)c1)c1cccc2cc(Oc3cc(CO)ncn3)ccc12,5.77,0
509,509,CHEMBL213504,Nc1ncnc2snc(-c3ccc(NC(=O)Nc4cccc(C(F)(F)F)c4)cc3)c12,7.41,1
491,491,CHEMBL241075,Cn1ncc(NCc2ccncc2)c1C(=O)Nc1ccc(Cc2ccccc2)cc1,5.25,0
781,781,CHEMBL79215,c1ccc(NCCN(c2cc3ncnc(Nc4ccc5[nH]ccc5c4)c3s2)n2cccc2)cc1,7.37,1
682,682,CHEMBL1082940,CC(C)C[C@@H]1NC(=O)CNC(=O)[C@H](CCC(=O)O)NC(=O)[C@H](C)NC(=O)[C@H](Cc2ccc(O)cc2)NC(=O)[C@H](Cc2ccc(O)cc2)NC(=O)CC[C@@H](C(N)=O)NC(=O)[C@H](CCC(=O)O)NC1=O,4.6,0
276,276,CHEMBL383334,FC(F)(F)c1cccc(Nc2nnc(-c3cccnc3CCc3ccncc3)o2)c1,6.66,1
457,457,CHEMBL238525,Cn1cnc(NCc2ccncc2)c1C(=O)Nc1ccc(Oc2ccccc2)cc1,5.37,0
550,550,CHEMBL3890520,CCOC(=O)N1CCN(CCNC(=O)c2cc3nccc(Oc4ccc(NC(=O)Nc5cc(C)ccc5F)c(F)c4)c3s2)CC1,7.89,1
199,199,CHEMBL379740,CC(C)(C)NC(=O)Nc1cccc2[nH]nc(-c3nc4cc(N5CCC(N6CCCCC6)CC5)ccc4[nH]3)c12,8.4,1
620,620,CHEMBL3966952,COC(=O)C1CCN(C(=O)c2cc3nccc(Oc4ccc(NC(=O)Nc5cc(C)ccc5F)c(F)c4)c3s2)C1,7.77,1
371,371,CHEMBL1684376,C=CC[C@H](NC(=O)[C@H](Cc1cnc[nH]1)NC(=O)[C@H](CCC(N)=O)NC(=O)CNC(=O)[C@H](CCC(N)=O)NC(=O)[C@H](Cc1cnc[nH]1)NC(=O)[C@@H]1CCCN1C(=O)[C@H](CCCCN)NC(=O)[C@@H](NC(=O)[C@H](CCCNC(=N)N)NC(=O)[C@H](CC=C)NC(C)=O)[C@@H](C)CC)C(N)=O,4.12,0
174,174,CHEMBL516635,Clc1cccc(-n2cc(-c3ccccc3NCc3ccnc4ccccc34)nn2)c1,6.77,1
165,165,CHEMBL381577,FC(F)(F)c1cccc(Nc2nnc(-c3ccncc3CCc3ccncc3)o2)c1,6.12,0
115,115,CHEMBL2105717,COc1cc2nccc(Oc3ccc(NC(=O)C4(C(=O)Nc5ccc(F)cc5)CC4)cc3)c2cc1OC,7.92,1
116,116,CHEMBL234202,O=C(Nc1ccc(Cl)cc1)c1nccn1CCc1ccncc1,6.03,0
35,35,CHEMBL502279,Nc1nccc(/C=C/c2[nH]cnc2-c2ccccc2)n1,4.17,0
435,435,CHEMBL378003,c1ccc2c(-c3nc4cc(-n5ccnc5)ccc4[nH]3)[nH]nc2c1,7.02,1
794,794,CHEMBL233822,O=C(Nc1ccc(Cl)c(C(F)(F)F)c1)c1ccnn1CCc1ccncc1,5.63,0
224,224,CHEMBL153843,O=C(Nc1cccc(C(F)(F)F)c1)c1ccccc1NCc1ccncc1,6.77,1
7,7,CHEMBL151942,COc1cc2ncnc(Nc3ccc(I)cc3F)c2cc1OC,6.1,0
226,226,CHEMBL238523,Cn1cnc(NCc2ccncc2)c1C(=O)Nc1ccc(-c2ccccc2)cc1,5.42,0
113,113,CHEMBL310827,Cc1c[nH]c2ccc(Nc3ncnc4cc(-c5ccccc5)sc34)cc12,6.54,1
504,504,CHEMBL241465,Cn1cnc(NCCc2ccc3c(c2)OCO3)c1C(=O)Nc1cccc(C(F)(F)F)c1,5.64,0
873,873,CHEMBL2086722,Cc1cccc(C(=C2C(=O)Nc3ccccc32)c2nc3ccccc3[nH]2)c1,6.17,0
639,639,CHEMBL421961,COCCOc1cc2ncnc(Nc3cccc(O)c3)c2cc1OC,7.52,1
413,413,CHEMBL598626,CC(C)(C)c1cc(NC(=O)c2cccc(Oc3cccc4[nH]c(=O)[nH]c34)c2)n(-c2ccccc2)n1,5.38,0
255,255,CHEMBL213743,CN1CCN(Cc2ccc3c(c2)-c2[nH]nc(-c4ccsc4)c2C3)CC1,6.01,0
665,665,CHEMBL597592,CC(C)(C)c1cc(NC(=O)Nc2cccc(Oc3cccc4[nH]c(=O)[nH]c34)c2)n(-c2ccccc2)n1,5.82,0
130,130,CHEMBL382855,O=C(Nc1ccc(Cl)cc1)c1ccccc1Cn1ccc2ncnc-2c1,6.85,1
680,680,CHEMBL3582442,OC1CCN(c2cc(-c3cnc4ccc(N5CCC[C@@H]5c5cccc(F)c5)nn34)ccn2)CC1,5.28,0
734,734,CHEMBL203394,Cn1cnc(NCc2ccc(F)c(F)c2)c1-c1nnc(Nc2ccc(Cl)cc2)o1,5.48,0
803,803,CHEMBL3137331,CNC(=O)c1ccc(Nc2ncc(C(F)(F)F)c(NCc3nccnc3N(C)S(C)(=O)=O)n2)cc1,5.6,0
367,367,CHEMBL309833,O/C(=C/c1cc2ncnc(Nc3ccc4[nH]ccc4c3)c2s1)c1ccccc1,5.66,0
706,706,CHEMBL3958481,COc1cc2c(Nc3ccc(Cl)c(Cl)c3Cl)ncnc2cc1O[C@@H]1C[C@H]2OC[C@H](OC)[C@H]2O1,6.0,0
171,171,CHEMBL1164957,Cc1cccc(-c2[nH]c(Cc3cccc(C(N)=O)c3)nc2-c2ccc3ncccc3c2)n1,5.68,0
299,299,CHEMBL1230609,COc1cc2c(Oc3ccc(NC(=O)C4(C(=O)Nc5ccc(F)cc5)CC4)cc3F)ccnc2cc1OCCCN1CCOCC1,8.17,1
278,278,CHEMBL382308,Cc1ccc(NC(=O)c2scnc2CCc2cnoc2)c(F)c1,5.52,0
636,636,CHEMBL240818,Cc1cc(NC(=O)c2c(C)noc2NCc2ccncc2)ccc1C(F)(F)F,6.06,0
483,483,CHEMBL238720,Cc1noc(NCc2ccncc2)c1C(=O)Nc1ccc(C(C)C)cc1,6.36,0
775,775,CHEMBL398243,CC[C@H](C)[C@@H]1NC(=O)[C@H](CCSC)NC(=O)[C@H](CCCCN)NC(=O)[C@H](CC(N)=O)NC(=O)[C@H](CC(=O)O)NC(=O)[C@H](CC(C)C)NC(=O)CNn2cc(nn2)C[C@@H](C(N)=O)NC(=O)[C@H](Cc2ccc(O)cc2)NC(=O)[C@H](Cc2c[nH]c3ccccc23)NC(=O)[C@H](Cc2ccccc2)NC1=O,4.51,0
571,571,CHEMBL2372109,C#CC[C@H](NC(=O)[C@H](Cc1ccc(O)cc1)NC(=O)[C@H](Cc1c[nH]c2ccccc12)NC(=O)[C@H](Cc1ccccc1)NC(=O)[C@@H](NC(=O)[C@H](CCSC)NC(=O)[C@H](CCCCN)NC(=O)[C@H](CC(N)=O)NC(=O)[C@H](CC(=O)O)NC(=O)[C@H](CC(C)C)NC(=O)CN=[N+]=[N-])[C@@H](C)CC)C(N)=O,4.64,0
500,500,CHEMBL153843,O=C(Nc1cccc(C(F)(F)F)c1)c1ccccc1NCc1ccncc1,7.5,1
245,245,CHEMBL286160,COCCOc1cc2ncnc(Nc3ccc(Cl)cc3F)c2cc1OC,6.4,0
186,186,CHEMBL1681932,CCNC(=O)Nc1ccc(Oc2ncnc(N)c2/C=N/OC)cc1Cl,5.36,0
736,736,CHEMBL1684366,C=CC[C@H](NC(=O)[C@H](CCC(N)=O)NC(=O)CNC(=O)[C@H](CCC(N)=O)NC(=O)[C@H](Cc1cnc[nH]1)NC(=O)[C@@H]1CCCN1C(=O)[C@H](CCCCN)NC(=O)[C@@H](NC(=O)[C@H](CC=C)NC(=O)[C@H](CCSC)NC(C)=O)[C@@H](C)CC)C(=O)N[C@H](C(N)=O)[C@@H](C)CC,4.21,0
816,816,CHEMBL381207,Cc1sc2ncnc(N)c2c1-c1ccc(NC(=O)Nc2cc(C(F)(F)F)ccc2F)cc1,6.77,1
599,599,CHEMBL3896122,COc1cc2c(Nc3cc(Cl)c(Cl)cc3F)ncnc2cc1OC[C@@H]1CN2CCC[C@H]2CO1,7.3,1
74,74,CHEMBL3660268,Cc1ccc(F)c(NC(=O)Nc2ccc(Oc3ccnc(-c4cc(C(=O)NO)c[nH]4)c3)cc2)c1,7.89,1
586,586,CHEMBL306707,Cc1c(Cc2ccncc2)nnc(Nc2ccc(Cl)cc2)c1C,6.58,1
900,900,CHEMBL5412761,COc1cc2c(Oc3ccc(NC(=O)Nc4cccc(F)c4)c(Cl)c3)ncnc2cc1OCCCN1CCCC1,8.46,1
699,699,CHEMBL74034,Clc1ccc(Nc2nnc(NCc3ccncc3)c3ccccc23)cc1,5.58,0
598,598,CHEMBL207061,Oc1nc2ncccc2c(O)c1-c1nc2ccccc2[nH]1,5.41,0
292,292,CHEMBL2448065,COc1cc2c(Nc3ccc(Cl)cc3F)ncnc2cc1OCC1CCN(C)CC1.Cl,5.7,0
250,250,CHEMBL213504,Nc1ncnc2snc(-c3ccc(NC(=O)Nc4cccc(C(F)(F)F)c4)cc3)c12,7.41,1
191,191,CHEMBL236420,CC(C)c1ccc(NC(=O)c2ccnn2CCc2ccncc2)cc1,6.36,0
615,615,CHEMBL2086741,Cc1ccc(C(=C2C(=O)Nc3ccc(N)cc32)c2nc3ccccc3[nH]2)cc1,6.33,0
231,231,CHEMBL429643,Cn1ncc(NCc2ccncc2)c1C(=O)Nc1ccc(Cl)c(C(F)(F)F)c1,5.95,0
703,703,CHEMBL458531,O=C(Nc1cccc(C(F)(F)F)c1)c1nscc1NCc1ccnc2ccccc12,6.24,0
543,543,CHEMBL238529,COc1ccc(NC(=O)c2c(NCc3ccncc3)ncn2C)cc1OC,6.68,1
229,229,CHEMBL274654,Cc1[nH]c(/C=C2\C(=O)Nc3ccccc32)c(C)c1CCC(=O)O,7.55,1
15,15,CHEMBL2448066,COc1cc2c(Nc3cc(O)c(Cl)cc3F)ncnc2cc1OCC1CCN(C)CC1.Cl,7.7,1
353,353,CHEMBL393636,O=C1Nc2ccc(O)cc2/C1=C/c1ccc[nH]1,6.94,1
310,310,CHEMBL4548316,COc1cc2ncnc(Nc3ccc4c(c3)CCCN4C(=O)Nc3ccc(C(C)=O)cc3)c2cc1OC,8.02,1
920,920,CHEMBL255955,Nc1n[nH]c2nccc(-c3ccc(NC(=O)Nc4cccc(C(F)(F)F)c4)cc3)c12,8.3,1
678,678,CHEMBL307476,CN(c1ccc(Cl)cc1)c1nnc(Cc2ccncc2)c2ccccc12,5.64,0
813,813,CHEMBL3896122,COc1cc2c(Nc3cc(Cl)c(Cl)cc3F)ncnc2cc1OC[C@@H]1CN2CCC[C@H]2CO1,7.3,1
111,111,CHEMBL101253,Clc1ccc(Nc2nnc(Cc3ccncc3)c3ccccc23)cc1,6.85,1
716,716,CHEMBL3917483,CCOC(=O)CN1CCN(CCCNC(=O)c2cc3nccc(Oc4ccc(NC(=O)Nc5cc(C)ccc5F)cc4)c3s2)CC1,7.89,1
76,76,CHEMBL378003,c1ccc2c(-c3nc4cc(-n5ccnc5)ccc4[nH]3)[nH]nc2c1,7.02,1
863,863,CHEMBL204621,Clc1ccc(Nc2nnc(-c3cccnc3CCc3ccncc3)o2)cc1Cl,6.57,1
343,343,CHEMBL210070,Cc1cccc(NC(=O)N(Cc2ccc(-c3[nH]nc4c3Cc3cc(CN5CCN(C)CC5)ccc3-4)s2)CC(C)C)c1,5.8,0
66,66,CHEMBL233825,O=C(Nc1ccc(C(F)(F)F)c(Cl)c1)c1nccn1CCc1ccncc1,5.34,0
356,356,CHEMBL236206,O=C(Nc1cccc(OC(F)(F)F)c1)c1ccnn1CCc1ccncc1,6.35,0
213,213,CHEMBL204985,Nc1c(-c2nc3ccc[nH]c-3n2)c(O)nc2cnccc12,8.22,1
362,362,CHEMBL238719,Cc1noc(NCc2ccncc2)c1C(=O)Nc1ccc(C(C)(C)C)cc1,6.55,1
664,664,CHEMBL2063436,Cc1nc(Nc2cc(-c3ccc(CNC(=O)OCc4ccccc4)cc3)n[nH]2)cc(N2CCNCC2)n1,7.09,1
865,865,CHEMBL389147,CC(C)C[C@@H]1NC(=O)CNC(=O)[C@H](CCC(=O)O)NC(=O)[C@H](CC(=O)O)NC(=O)[C@H](Cc2ccc(O)cc2)NC(=O)[C@H](Cc2ccc(O)cc2)NC(=O)CC[C@@H](C(N)=O)NC(=O)[C@H](CCC(=O)O)NC1=O,4.4,0
5,5,CHEMBL397323,O=C(Nc1ccc(Cl)cc1)c1ccnn1CCc1ccncc1,7.01,1
743,743,CHEMBL474709,O=C(Nc1ccc2ccccc2n1)c1nscc1NCc1ccncc1,6.42,0
324,324,CHEMBL2335722,Oc1ccc([C@@H]2C[C@@H](c3c(O)cc(O)c4c3O[C@H](c3ccc(O)cc3)[C@@H](O)C4)c3c(O)cc(O)cc3O2)cc1,4.82,0
600,600,CHEMBL425262,Cc1cccc(N(C)C(=O)NCc2ccc(-c3[nH]nc4c3Cc3cc(CN5CCN(C)CC5)ccc3-4)s2)c1,4.84,0
480,480,CHEMBL74550,Clc1ccc(Nc2nnc(Cc3ccncc3)c3cnccc23)cc1,6.64,1
574,574,CHEMBL388978,CN[C@@H]1C[C@H]2O[C@@](C)([C@@H]1OC)n1c3ccccc3c3c4c(c5c6ccccc6n2c5c31)C(=O)NC4,7.46,1
228,228,CHEMBL512863,Cc1cc(NC(=O)c2nscc2NCc2ccncc2)ccc1C(F)(F)F,6.17,0
267,267,CHEMBL502835,COC(=O)c1ccc2c(c1)NC(=O)/C2=C(\Nc1ccc(N(C)C(=O)CN2CCN(C)CC2)cc1)c1ccccc1,7.63,1
857,857,CHEMBL204427,CN1CCN(c2ccc3[nH]c(-c4c(N)c5ccccc5[nH]c4=O)nc3c2)CC1,8.0,1
533,533,CHEMBL204425,Cc1cccc(Nc2nnc(-c3cccnc3CCc3ccncc3)o2)c1,5.97,0
711,711,CHEMBL491871,FC(F)(F)c1ccc(-n2cc(-c3ccccc3NCc3ccncc3)nn2)cc1Cl,5.95,0
139,139,CHEMBL214109,CON(Cc1ccc(-c2[nH]nc3c2Cc2cc(CN4CCN(C)CC4)ccc2-3)s1)C(=O)Nc1cccc(C)c1,5.87,0
845,845,CHEMBL495727,O=C(Nc1c[nH]nc1-c1nc2ccc(CN3CCOCC3)cc2[nH]1)NC1CC1,8.0,1
303,303,CHEMBL383417,Nc1c(-c2nc3ccccc3[nH]2)c(=O)[nH]c2ccccc12,7.55,1
304,304,CHEMBL3922278,COc1cc2c(Nc3ccc(F)c(Cl)c3F)ncnc2cc1OC[C@@H]1CN2CCC[C@H]2CO1,7.3,1
867,867,CHEMBL1202478,COc1cc2c(Nc3ccc(Br)cc3F)ncnc2cc1OC/C=C/CN1CCCC1.Cl,6.19,0
382,382,CHEMBL3966952,COC(=O)C1CCN(C(=O)c2cc3nccc(Oc4ccc(NC(=O)Nc5cc(C)ccc5F)c(F)c4)c3s2)C1,8.1,1
393,393,CHEMBL3628811,O=C(Nc1ccc(Oc2ncnc3sc4c(c23)CCCC4)cc1)Nc1cccc(Br)c1,5.77,0
714,714,CHEMBL241667,Cn1cnc(NCc2ccncc2)c1C(=O)Nc1cccc(C(F)(F)F)c1,6.19,0
488,488,CHEMBL2220486,CNC(=O)c1cccc2cc(Oc3ccnc4cc(OCC5(N)CC5)c(OC)cc34)ccc12,8.15,1
447,447,CHEMBL2086744,CCCCNC(=O)c1ccc2c(c1)C(=C(c1ccccc1)c1nc3ccccc3[nH]1)C(=O)N2,6.43,0
835,835,CHEMBL2372113,C#CC[C@H](NC(=O)[C@H](CCC(=O)O)NC(=O)[C@H](CC(C)C)NC(=O)[C@@H]1CCCN1C(=O)[C@H](CCC(=O)O)NC(=O)[C@H](CC(=O)O)NC(=O)[C@H](Cc1ccc(O)cc1)NC(=O)[C@@H](N=[N+]=[N-])c1ccccc1)C(N)=O,4.02,0
417,417,CHEMBL3951242,Cc1ccc(F)c(NC(=O)Nc2ccc(Oc3ccnc4cc(C(=O)NCCN)sc34)cc2F)c1,7.82,1
43,43,CHEMBL2087169,CCN1CCC(Nc2ccc3c(c2)C(=C(c2nc(C)c[nH]2)c2ccccc2F)C(=O)N3)CC1,7.54,1
583,583,CHEMBL3890891,COC(=O)CNCCNC(=O)c1cc2nccc(Oc3ccc(NC(=O)Nc4cc(C)ccc4F)c(F)c3)c2s1,8.05,1
14,14,CHEMBL433321,Clc1ccc(Nc2nnc(Cc3ccncc3)c3ccncc23)cc1,6.33,0
237,237,CHEMBL1090479,CCn1cc(-c2ccnc3[nH]c(-c4cccc(CN(C)C)c4)cc23)c(-c2ccc(NC(=O)N(C)C)cc2)n1,7.38,1
921,921,CHEMBL3696072,NC(=O)c1c(-c2ccc(NC(=O)Nc3ccccc3)cc2)nsc1NC(=O)NCCCN1CCOCC1,8.05,1
29,29,CHEMBL4171543,C=CC(=O)Nc1ccc(-c2ccc(NC(=O)Nc3cccc(Cl)c3)cc2)cn1,7.6,1
306,306,CHEMBL2010872,CC(C)Cn1c2ccc(Nc3ncccn3)cc2c2c3c(c4c(c21)CCc1nn(C)cc1-4)C(=O)NC3,8.52,1
740,740,CHEMBL153843,O=C(Nc1cccc(C(F)(F)F)c1)c1ccccc1NCc1ccncc1,7.5,1
119,119,CHEMBL3890891,COC(=O)CNCCNC(=O)c1cc2nccc(Oc3ccc(NC(=O)Nc4cc(C)ccc4F)c(F)c3)c2s1,8.05,1
86,86,CHEMBL430206,CC[C@H](C)[C@H](NC(=O)[C@H](CCC(=O)O)NC(=O)[C@H](Cc1ccc(O)cc1)NC(=O)CNC(=O)[C@@H](N)CC(N)=O)C(=O)N[C@@H](CCC(=O)O)C(=O)N[C@@H](Cc1c[nH]c2ccccc12)C(=O)N[C@@H](Cc1ccc(O)cc1)C(=O)N[C@@H](CO)C(=O)N[C@@H](Cc1c[nH]c2ccccc12)C(=O)N[C@H](C(=O)N[C@H](C(=O)N[C@@H](Cc1cnc[nH]1)C(=O)NCC(=O)N[C@@H](CCSC)C(=O)N[C@@H](Cc1ccc(O)cc1)C(N)=O)[C@@H](C)O)C(C)C,4.55,0
511,511,CHEMBL491473,COc1cc2c(Oc3ccc4[nH]c(C)cc4c3F)ncnc2cc1OCCCN1CCCC1,8.3,1
898,898,CHEMBL378299,c1ccc2c(-c3nc4cc(N5CCC(N6CCCCC6)CC5)ccc4[nH]3)[nH]nc2c1,7.55,1
913,913,CHEMBL202643,Cc1cccc(NC(=O)c2ccccc2Cn2ccc3ncnc-3c2)c1,6.24,0
879,879,CHEMBL246342,O=C(O)CCNC(=O)c1cccc2c1Cc1c-2n[nH]c1-c1ccsc1,6.43,0
507,507,CHEMBL77933,FC(F)(F)c1cc(Br)cc(Nc2nnc(Cc3ccncc3)c3ccccc23)c1,6.22,0
341,341,CHEMBL213909,Cc1cccc(NC(=O)N(CCC(C)C)Cc2ccc(-c3[nH]nc4c3Cc3cc(CN5CCN(C)CC5)ccc3-4)s2)c1,5.44,0
169,169,CHEMBL206136,c1cnc(CCc2ccncc2)c(-c2nnc(Nc3cnc4ccccc4c3)o2)c1,6.36,0
274,274,CHEMBL26050,COc1cc2c(Nc3ccc(Cl)cc3F)ncnc2cc1OC1CCN(C)CC1,4.82,0
37,37,CHEMBL430206,CC[C@H](C)[C@H](NC(=O)[C@H](CCC(=O)O)NC(=O)[C@H](Cc1ccc(O)cc1)NC(=O)CNC(=O)[C@@H](N)CC(N)=O)C(=O)N[C@@H](CCC(=O)O)C(=O)N[C@@H](Cc1c[nH]c2ccccc12)C(=O)N[C@@H](Cc1ccc(O)cc1)C(=O)N[C@@H](CO)C(=O)N[C@@H](Cc1c[nH]c2ccccc12)C(=O)N[C@H](C(=O)N[C@H](C(=O)N[C@@H](Cc1cnc[nH]1)C(=O)NCC(=O)N[C@@H](CCSC)C(=O)N[C@@H](Cc1ccc(O)cc1)C(N)=O)[C@@H](C)O)C(C)C,4.55,0
376,376,CHEMBL75462,COc1cccc(Nc2nnc(Cc3ccncc3)c3ccccc23)c1,6.48,0
317,317,CHEMBL475704,O=C(Nc1ccc(C(F)(F)F)cc1)c1nscc1NCc1ccncc1,6.6,1
279,279,CHEMBL482489,Nc1nc(Nc2cccc(Br)c2)c2cc(CCc3ccccc3Cl)[nH]c2n1,4.49,0
395,395,CHEMBL3977759,COc1cc2c(Nc3ccc(Cl)c(Cl)c3)ncnc2cc1OC[C@@H]1CN2CCC[C@@H]2CO1,7.3,1
251,251,CHEMBL234010,Cc1cc(C(=O)Nc2ccc(Cl)cc2)n(CCc2ccncc2)n1,5.91,0
644,644,CHEMBL391104,O=C(Nc1ccc(OC(F)(F)F)cc1)c1nccn1CCc1ccncc1,5.37,0
810,810,CHEMBL238529,COc1ccc(NC(=O)c2c(NCc3ccncc3)ncn2C)cc1OC,6.68,1
693,693,CHEMBL150187,COc1cc2c(Nc3c(F)cc(Br)cc3F)ncnc2cc1OCCn1ccnn1,6.1,0
319,319,CHEMBL204548,O=C(Nc1ccc(Cl)c(Cl)c1)c1ccccc1Cn1ccc2cnccc21,6.66,1
378,378,CHEMBL392935,CCc1ccc(NC(=O)c2ccnn2CCc2ccncc2)cc1,6.66,1
712,712,CHEMBL276711,Cc1cc(C)c(/C=C2\C(=O)Nc3ccccc32)[nH]1,7.37,1
52,52,CHEMBL153843,O=C(Nc1cccc(C(F)(F)F)c1)c1ccccc1NCc1ccncc1,6.77,1
344,344,CHEMBL2086731,CCOc1ccc(C(=C2C(=O)Nc3ccccc32)c2nc3ccccc3[nH]2)cc1,4.98,0
308,308,CHEMBL5401823,COc1cc2c(Oc3ccc(NC(=O)Nc4cnn(C(C)C)c4)c(F)c3)ncnc2cc1OCc1ccccc1,7.46,1
363,363,CHEMBL488840,Cc1cccc(C)c1/C=C/n1cnc2c(Nc3ccc(P(C)(C)=O)cc3)ncnc21,6.23,0
416,416,CHEMBL4160854,Nc1n[nH]c2cccc(-c3ccc(NC(=S)Nc4cc(Br)ccc4OC(F)(F)F)cc3)c12,7.64,1
396,396,CHEMBL2063327,O=C(NCc1ccc(-c2cc(NC(=O)c3ccc(OCCCN4CCCC4)cc3)[nH]n2)cc1)OCc1ccccc1,6.75,1
758,758,CHEMBL383990,c1ccc2[nH]c(-c3n[nH]c4ccccc34)nc2c1,6.14,0
33,33,CHEMBL3961927,CCN(CC)CCNC(=O)c1cc2nccc(Oc3ccc(NC(=O)Nc4cc(C)ccc4F)cc3)c2s1,7.89,1
460,460,CHEMBL3986507,Cc1ccc(F)c(NC(=O)Nc2ccc(Oc3ccnc4cc(C(=O)O)sc34)cc2)c1,7.8,1
612,612,CHEMBL524708,CC(C)(C)C(=O)Nc1nccc(/C=C/c2c(-c3ccccc3)nc3sccn23)n1,4.02,0
121,121,CHEMBL411043,ClC(Cn1ncc2c(NCc3ccccc3)ncnc21)c1ccccc1,6.0,0
102,102,CHEMBL395427,CCOC(=O)CC(=O)Nc1cccc2c1Cc1c-2n[nH]c1-c1csc(C#CCOc2ccccc2)c1,6.82,1
579,579,CHEMBL234205,O=C(Nc1ccc(C(F)(F)F)cc1)c1nnnn1CCc1ccncc1,5.97,0
526,526,CHEMBL205325,CC(C)(C)c1ccc(Nc2nnc(-c3cccnc3CCc3ccncc3)o2)cc1,6.11,0
907,907,CHEMBL5403747,COc1cc2c(Oc3ccc(NC(=O)Nc4ccc5occc5c4)c(Cl)c3)ncnc2cc1OCCCN1CCCC1,8.54,1
177,177,CHEMBL2086732,Nc1ccc(C(=C2C(=O)Nc3ccccc32)c2nc3ccccc3[nH]2)cc1,6.43,0
523,523,CHEMBL4473548,C[C@@H]1CN(C(=O)CCCC(=O)N2C[C@@H](C)c3c2cc(O)c2ccccc32)c2cc(O)c3ccccc3c21,5.68,0
380,380,CHEMBL247252,Nc1ncnc2occ(-c3ccc(NC(=O)Nc4cccc5ccccc45)cc3)c12,6.35,0
773,773,CHEMBL281872,COc1cc2c(Nc3ccc(Br)cc3F)ncnc2cc1OCCn1ccnn1,6.16,0
785,785,CHEMBL2063319,CN1CCN(c2ccc(C(=O)Nc3cc(-c4ccc(NC(=O)OCc5ccccc5)cc4)n[nH]3)cc2)CC1,6.7,1
125,125,CHEMBL203789,Cc1cccc(Nc2nnc(-c3c(NCc4ccncc4)ncn3C)o2)c1,5.9,0
852,852,CHEMBL3937925,Cc1ccoc1C(=O)Nc1cccc(Oc2ccnc3cc(C(=O)NO)sc23)c1,6.56,1
64,64,CHEMBL499587,Oc1ccc([C@H]2Oc3c(c(O)cc4c3[C@H]3c5c(O)cc(O)cc5O[C@@](c5ccc(O)c(O)c5)(O4)[C@@H]3O)C[C@@H]2O)cc1,4.19,0
124,124,CHEMBL2367589,CC[C@H](C)[C@H](NC(=O)[C@@H]1CC(=O)NC[C@H](NC(=O)[C@H](CCSC)NC(C)=O)C(=O)N[C@@H]([C@@H](C)CC)C(=O)N[C@@H](CCCCN)C(=O)N2CCC[C@H]2C(=O)N[C@@H](Cc2cnc[nH]2)C(=O)N[C@@H](CCC(N)=O)C(=O)NCC(=O)N[C@@H](CCC(N)=O)C(=O)N1)C(N)=O,4.03,0
51,51,CHEMBL535,CCN(CC)CCNC(=O)c1c(C)[nH]c(/C=C2\C(=O)Nc3ccc(F)cc32)c1C,7.04,1
20,20,CHEMBL605957,COc1cc(C2=C(c3c[nH]c4ccc(Br)cc34)C(=O)NC2=O)cc(OC)c1OC,7.14,1
258,258,CHEMBL240405,Cc1noc(NCc2ccncc2)c1C(=O)Nc1ccc(Cc2ccccc2)cc1,5.24,0
151,151,CHEMBL74646,Fc1cc(Nc2nnc(Cc3ccncc3)c3ccccc23)cc(C(F)(F)F)c1,6.46,0
817,817,CHEMBL205639,FC(F)(F)Oc1cccc(Nc2nnc(-c3ccncc3CCc3ccncc3)o2)c1,6.15,0
590,590,CHEMBL312818,c1ccc(CCCN(c2cc3ncnc(Nc4ccc5[nH]ccc5c4)c3s2)n2ccnc2)cc1,8.4,1
797,797,CHEMBL1744349,COc1cc2c(Nc3ccc(Cl)cc3F)ncnc2cc1OC/C=C/CN1CCCC1.Cl,6.12,0
628,628,CHEMBL5438830,COc1cc2c(Oc3ccc(NC(=O)Nc4cc(C)on4)c(Cl)c3)ncnc2cc1OCCCN1CCCC1,8.97,1
918,918,CHEMBL572881,CC1(C)CNc2cc(NC(=O)c3cccnc3NCc3ccncc3)ccc21,8.7,1
448,448,CHEMBL79215,c1ccc(NCCN(c2cc3ncnc(Nc4ccc5[nH]ccc5c4)c3s2)n2cccc2)cc1,7.37,1
896,896,CHEMBL204621,Clc1ccc(Nc2nnc(-c3cccnc3CCc3ccncc3)o2)cc1Cl,6.57,1
669,669,CHEMBL213430,CCN(Cc1ccc(-c2[nH]nc3c2Cc2cc(CN4CCN(C)CC4)ccc2-3)s1)C(=O)Nc1cccc(C)c1,6.88,1
538,538,CHEMBL392987,Cn1cnc(NCc2ccncc2)c1C(=O)Nc1ccc(OC(F)(F)F)cc1,5.94,0
374,374,CHEMBL388978,CN[C@@H]1C[C@H]2O[C@@](C)([C@@H]1OC)n1c3ccccc3c3c4c(c5c6ccccc6n2c5c31)C(=O)NC4,8.09,1
724,724,CHEMBL437889,O=C(Nc1ccc(Cl)c(C(F)(F)F)c1)c1ccccc1Cn1ccc2cnccc21,6.39,0
528,528,CHEMBL3740487,CS(=O)(=O)Cc1cccc(Nc2nccc(Oc3ccc4c(C(=O)Nc5cccc(F)c5)cccc4c3)n2)c1,8.38,1
283,283,CHEMBL377300,Cc1cc2c(F)c(Oc3ncnn4cc(OC[C@@H](C)O)c(C)c34)ccc2[nH]1,6.42,0
914,914,CHEMBL5409075,COc1cc2c(Oc3ccc(NC(=O)Nc4ccc(C(F)(F)F)cc4)c(F)c3)ncnc2cc1OCCCN1CCCC1,8.51,1
466,466,CHEMBL3646211,COc1ccc(NC(=O)Nc2ccc(-c3csc4c(-c5cnn(C[C@H](O)CO)c5)cnc(N)c34)cc2)cc1,8.84,1
493,493,CHEMBL393001,O=C(Nc1ccc(Cl)cc1)c1nnnn1CCc1ccncc1,6.05,0
737,737,CHEMBL4533153,COc1cc2c(Oc3ccc(NC(=O)NS(=O)(=O)Cc4ccc(F)cc4)cc3F)ccnc2cc1OCCCN1CCCC1,6.38,0
114,114,CHEMBL4071072,CC[C@H](C)[C@@H]1NC(=O)[C@H](Cc2ccc(O)cc2)NC(=O)[C@H](CCC(=O)O)NC(=O)[C@H]([C@@H](C)CC)NC(=O)[C@H](CCC(=O)O)NC(=O)[C@H](CC(=O)O)NC(=O)[C@@H]2CCCN2C(=O)[C@H](Cc2ccc(O)cc2)NC(=O)[C@H](CCC(=O)O)NC(=O)[C@H](CCC(N)=O)NC(=O)[C@@H](NC(C)=O)CCCCNC(=O)CC[C@@H](C(=O)N[C@@H](CCCCN)C(N)=O)NC1=O,4.12,0
136,136,CHEMBL78018,NCc1ccc(-c2cc3ncnc(Nc4ccc5[nH]ccc5c4)c3s2)cc1,7.75,1
128,128,CHEMBL454403,Cc1cc(-n2cc(-c3ccccc3NCc3ccncc3)nn2)ccc1C(F)(F)F,6.07,0
894,894,CHEMBL80164,Cc1cc2cc(Nc3ccnc4cc(-c5ccc(CNCCO)cc5)sc34)ccc2[nH]1,8.4,1
792,792,CHEMBL238719,Cc1noc(NCc2ccncc2)c1C(=O)Nc1ccc(C(C)(C)C)cc1,6.55,1
415,415,CHEMBL205544,FC(F)(Cl)Oc1ccc(Nc2nnc(-c3ccncc3CCc3ccncc3)o2)cc1,6.09,0
269,269,CHEMBL21156,CC(C)(C)c1nc2c3ccc(F)cc3c3c(=O)[nH]ccc3c2[nH]1,5.82,0
782,782,CHEMBL490968,FC(F)(F)c1cccc(-n2cc(-c3ccccc3NCc3ccncc3)nn2)c1,7.18,1
851,851,CHEMBL388978,CN[C@@H]1C[C@H]2O[C@@](C)([C@@H]1OC)n1c3ccccc3c3c4c(c5c6ccccc6n2c5c31)C(=O)NC4,7.72,1
1,1,CHEMBL2063319,CN1CCN(c2ccc(C(=O)Nc3cc(-c4ccc(NC(=O)OCc5ccccc5)cc4)n[nH]3)cc2)CC1,6.7,1
846,846,CHEMBL24137,COc1cc2c(Nc3ccc(Cl)cc3F)ncnc2cc1OCCCN1CCOCC1,6.7,1
68,68,CHEMBL5410108,COc1cc2c(Oc3ccc(NC(=O)Nc4ccc5c(ccn5C)c4)c(Cl)c3)ncnc2cc1OCCCN1CCCC1,9.12,1
652,652,CHEMBL393964,Cc1noc(NCc2ccncc2)c1C(=O)Nc1ccc(C(F)(F)F)c(C(F)(F)F)c1,5.37,0
919,919,CHEMBL3968192,COc1cc2c(Nc3ccc(Br)c(Cl)c3Cl)ncnc2cc1OC[C@H]1CN2CCCC[C@H]2CO1,6.0,0
487,487,CHEMBL453737,COc1cc2c(Oc3ccc(-c4cnc(Nc5ccc(F)cc5)n(C)c4=O)cc3F)ccnc2cc1OCCCN1CCOCC1,7.35,1
430,430,CHEMBL80809,CC(=O)NCCNCc1ccc(-c2cc3ncnc(Nc4ccc5[nH]ccc5c4)c3s2)cc1,8.4,1
212,212,CHEMBL383417,Nc1c(-c2nc3ccccc3[nH]2)c(=O)[nH]c2ccccc12,7.55,1
656,656,CHEMBL1807473,CCCS(=O)(=O)Nc1cccc(-c2cc(NC(=O)c3ccc(N4CCN(C)CC4)cc3)[nH]n2)c1,5.58,0
194,194,CHEMBL3917483,CCOC(=O)CN1CCN(CCCNC(=O)c2cc3nccc(Oc4ccc(NC(=O)Nc5cc(C)ccc5F)cc4)c3s2)CC1,8.3,1
162,162,CHEMBL3910242,Cc1ccc(F)c(NC(=O)Nc2ccc(Oc3ccnc4cc(C(=O)NCCCN5CCC(O)CC5)sc34)cc2F)c1,8.1,1
296,296,CHEMBL3920518,CCN(CC)C(=O)c1cc2nccc(Oc3cccc(C(=O)Nc4cc(C)ccc4F)c3)c2s1,6.69,1
592,592,CHEMBL2086733,O=C1Nc2ccc(Br)cc2C1=C(c1ccccc1)c1nc2ccccc2[nH]1,6.93,1
582,582,CHEMBL245934,OCC1CCN(Cc2cccc3c2Cc2c-3n[nH]c2-c2ccsc2)CC1,4.75,0
822,822,CHEMBL5394759,COc1cc2c(Oc3ccc(NC(=O)Nc4cccc(C(F)(F)F)c4)c(Cl)c3)ncnc2cc1OCCCN1CCCC1,9.01,1
429,429,CHEMBL4160854,Nc1n[nH]c2cccc(-c3ccc(NC(=S)Nc4cc(Br)ccc4OC(F)(F)F)cc3)c12,7.64,1
